PC1,PC2,ages.actual,ages.predicted,mismatches,study
0.134725099,-0.016859623,0,0,0,Mann
0.103982721,-0.05579495,0,0,0,Mann
0.117421693,-0.004151401,0,0,0,Mann
0.089173273,-0.097052934,0,0,0,Mann
0.185521532,-0.046241208,0,0,0,Mann
0.140753417,-0.141912483,0,0,0,Mann
0.127187465,0.119923981,0,0,0,Mann
0.172403563,0.00957045,0,0,0,Mann
0.194425025,0.01599337,0,0,0,Mann
-0.106266889,0.049412955,0,1,2,Mann
0.146437644,-0.087845836,0,0,0,Mann
0.161307699,0.023751572,0,0,0,Mann
0.143193258,0.171817013,0,0,0,Mann
0.145173618,0.048716888,0,0,0,Mann
-0.004791171,0.001297774,0,1,2,Mann
0.146411431,-0.163757994,0,0,0,Mann
-0.227887874,0.116997737,0,1,2,Mann
0.065108956,0.11774417,0,0,0,Mann
0.227803496,-0.041021019,0,0,0,Mann
0.173475871,-0.134220811,0,0,0,Mann
0.206396902,-0.019208755,0,0,0,Mann
0.194230958,0.098574175,0,0,0,Mann
0.076848539,-0.065194365,0,0,0,Mann
-0.136505374,-0.045273951,0,1,2,Mann
0.233311846,-0.012744862,0,0,0,Mann
0.057439701,-0.18221639,0,0,0,Mann
0.192989116,-0.170743423,0,0,0,Mann
0.167356089,-0.096585938,0,0,0,Mann
0.109347475,-0.010262324,0,0,0,Mann
0.094672728,0.070332345,0,0,0,Mann
0.203310323,0.070588207,0,0,0,Mann
0.12664351,-0.144138547,0,0,0,Mann
0.071574516,-0.020914172,0,0,0,Mann
0.049316052,-0.052505787,0,0,0,Mann
0.027216233,0.195051779,0,1,2,Mann
0.16925082,-0.050809032,0,0,0,Mann
0.168611466,-0.137319347,0,0,0,Mann
0.11821396,-0.067388686,0,0,0,Mann
-0.018393184,0.177911634,0,1,2,Mann
0.15849776,-0.042401633,0,0,0,Mann
0.181265728,0.076803608,0,0,0,Mann
0.209827319,0.026008062,0,0,0,Mann
0.160716631,0.034057342,0,0,0,Mann
0.176356831,0.125316406,0,0,0,Mann
0.100014419,0.130939897,0,0,0,Mann
0.155655181,0.000409171,0,0,0,Mann
0.154714494,0.064096351,0,0,0,Mann
0.180265055,0.050648174,0,0,0,Mann
0.135708404,-0.032781098,0,0,0,Mann
0.026450604,-0.139185773,0,0,0,Mann
0.221087747,0.037259261,0,0,0,Mann
0.13026876,0.028407512,0,0,0,Mann
0.237581023,-0.012084544,0,0,0,Mann
0.192281129,-0.100245804,0,0,0,Mann
0.172037969,-0.107723091,0,0,0,Mann
0.217311109,0.001733086,0,0,0,Mann
0.206003601,0.051197172,0,0,0,Mann
0.236188883,-0.094561126,0,0,0,Mann
0.112067388,-0.081314014,0,0,0,Mann
0.127824422,-0.164940921,0,0,0,Mann
0.230211548,0.145778274,0,0,0,Mann
0.179204626,0.186327322,0,0,0,Mann
0.074692733,-0.135623327,0,0,0,Mann
0.216299806,0.061274281,0,0,0,Mann
0.135806739,0.089057633,0,0,0,Mann
0.112647056,0.098924047,0,0,0,Mann
0.066651235,-0.171691849,0,0,0,Mann
0.187189828,-0.074273379,0,0,0,Mann
0.269646828,-0.038889262,0,0,0,Mann
0.070425048,-0.134733987,0,0,0,Mann
0.176235962,0.052115092,0,0,0,Mann
0.014513442,-0.155151207,0,0,0,Mann
0.157701216,-0.058739694,0,0,0,Mann
0.181424626,-0.002169735,0,0,0,Mann
0.14281642,-0.097869843,0,0,0,Mann
0.15223172,0.119871038,0,0,0,Mann
0.042016061,-0.040650805,0,0,0,Mann
0.014386999,-0.191766514,0,0,0,Mann
0.174696722,0.215289592,0,0,0,Mann
-0.042337011,0.04995822,0,1,2,Mann
0.110715793,0.075525002,0,0,0,Mann
0.045974131,-0.080694695,0,0,0,Mann
0.225529997,0.085930211,0,0,0,Mann
0.108246957,0.162645891,0,0,0,Mann
0.214926219,-0.014255746,0,0,0,Mann
0.133223107,-0.117768769,0,0,0,Mann
0.089117234,-0.117780996,0,0,0,Mann
0.085503188,0.095941395,0,0,0,Mann
0.001389744,0.309067333,0,1,2,Mann
0.105294366,-0.144694664,0,0,0,Mann
0.101477303,-0.192724731,0,0,0,Mann
0.180422987,-0.127873191,0,0,0,Mann
0.186944412,-0.131866617,0,0,0,Mann
0.047208764,0.018763202,0,0,0,Mann
0.092964331,0.042537023,0,0,0,Mann
0.170300219,0.094327209,0,0,0,Mann
-0.011887198,-0.09516579,1,0,2,Mann
-0.120771353,-0.034690104,1,1,1,Mann
0.014418805,-0.082023358,1,0,2,Mann
-0.15751947,0.030082472,1,1,1,Mann
-0.242937974,0.034174712,1,1,1,Mann
-0.142906577,0.003702225,1,1,1,Mann
-0.226250142,0.153184957,1,1,1,Mann
-0.029765817,-0.257824387,1,0,2,Mann
-0.095174476,-0.10363394,1,1,1,Mann
-0.229691822,-0.066368111,1,1,1,Mann
-0.098849938,-0.062121907,1,1,1,Mann
-0.141312916,-0.163347427,1,1,1,Mann
-0.074533097,0.25169644,1,1,1,Mann
0.000446955,0.058430072,1,1,1,Mann
-0.074205638,-0.072119343,1,1,1,Mann
-0.237847549,-0.033700271,1,1,1,Mann
-0.28080668,-0.044599094,1,1,1,Mann
-0.002544987,0.095095213,1,1,1,Mann
-0.194212257,0.066481343,1,1,1,Mann
-0.066009371,-0.206764662,1,1,1,Mann
0.143874145,0.236211026,1,0,2,Mann
-0.047732973,-0.188638005,1,1,1,Mann
-0.150721066,-0.04471545,1,1,1,Mann
-0.267914141,-0.052394674,1,1,1,Mann
-0.151261268,-0.085823162,1,1,1,Mann
0.007296587,0.138245235,1,1,1,Mann
-0.112732588,-0.191734833,1,1,1,Mann
-0.037279243,0.0640185,1,1,1,Mann
-0.06760516,-0.160744043,1,1,1,Mann
-0.148692149,0.186796848,1,1,1,Mann
-0.146720801,-0.207380548,1,1,1,Mann
-0.130252688,0.096301604,1,1,1,Mann
-0.144889975,0.084925043,1,1,1,Mann
-0.056190877,0.054631195,1,1,1,Mann
-0.151647982,-0.125665402,1,1,1,Mann
-0.169638862,-0.097926177,1,1,1,Mann
0.029192225,-0.172183298,1,0,2,Mann
-0.106477059,0.001656907,1,1,1,Mann
-0.2139093,-0.133221708,1,1,1,Mann
0.018447572,0.268221113,1,1,1,Mann
0.02616725,-0.00873536,1,0,2,Mann
-0.116260621,-0.132427421,1,1,1,Mann
-0.029356623,-0.161223852,1,0,2,Mann
-0.001533116,0.198711942,1,1,1,Mann
-0.182436447,-0.058606824,1,1,1,Mann
-0.258925423,-0.107866903,1,1,1,Mann
-0.091959134,-0.258154933,1,1,1,Mann
-0.038455627,-0.203034868,1,0,2,Mann
-0.218793581,-0.11422209,1,1,1,Mann
0.011510241,0.081062496,1,1,1,Mann
-0.033073658,-0.141203174,1,1,1,Mann
-0.110699335,-0.169486491,1,1,1,Mann
0.037174461,-0.02987305,1,0,2,Mann
-0.029965633,-0.037005535,1,1,1,Mann
0.053908362,-0.100196298,1,0,2,Mann
-0.02514044,-0.010036558,1,1,1,Mann
-0.201430363,0.053286834,1,1,1,Mann
-0.055056354,0.154858402,1,1,1,Mann
0.071825116,0.027497053,1,0,2,Mann
-0.299388278,-0.017827242,1,1,1,Mann
0.051793095,0.180000155,1,0,2,Mann
-0.211820493,0.098701082,1,1,1,Mann
-0.115661516,0.096580049,1,1,1,Mann
-0.022556752,-0.189253249,1,0,2,Mann
-0.238601103,-0.153720515,1,1,1,Mann
-0.305119783,0.053702617,1,1,1,Mann
-0.093893617,-0.118936234,1,1,1,Mann
-0.157940376,0.093196125,1,1,1,Mann
-0.287751143,-0.027810494,1,1,1,Mann
-0.271574769,0.079402474,1,1,1,Mann
-0.107854347,0.046747753,1,1,1,Mann
-0.051778423,0.091338578,1,1,1,Mann
-0.062072614,-0.121650837,1,1,1,Mann
0.177643548,0.169932466,1,0,2,Mann
-0.207180787,0.234781738,1,1,1,Mann
-0.232219319,0.053742781,1,1,1,Mann
0.010199386,-0.209556426,1,0,2,Mann
-0.168126349,-0.036205134,1,1,1,Mann
0.039944596,-0.189450881,1,0,2,Mann
-0.20467063,0.091174005,1,1,1,Mann
0.068040516,0.246285774,1,0,2,Mann
-0.030677494,0.014693724,1,1,1,Mann
0.038744934,0.267897204,1,1,1,Mann
-0.091648552,0.038111837,1,1,1,Mann
-0.089406834,0.218646253,1,1,1,Mann
-0.227128645,0.198692352,1,1,1,Mann
-0.049488104,-0.042066403,1,1,1,Mann
-0.132045667,0.056211274,1,1,1,Mann
-0.032208781,-0.084486313,1,1,1,Mann
-0.20298786,-0.19031748,1,1,1,Mann
0.026374361,-0.043012623,1,0,2,Mann
-0.177887709,0.182766819,1,1,1,Mann
-0.072573242,0.132684279,1,1,1,Mann
-0.030753166,0.257671709,1,1,1,Mann
-0.156076191,-0.224336218,1,1,1,Mann
-0.047781662,0.121643061,1,1,1,Mann
-0.184126199,-0.012311033,1,1,1,Mann
-0.246073263,0.23543252,1,1,1,Mann
0.041195532,-0.272934692,1,0,2,Mann
-0.104920058,0.288275513,1,1,1,Mann
-0.163492214,-0.159009516,1,1,1,Mann
-0.096760372,-0.127075636,1,1,1,Mann
-0.300657703,0.169491407,1,1,1,Mann
-0.002304594,-0.113709064,1,0,2,Mann
-0.076583048,0.307421333,1,1,1,Mann
-0.005275578,0.015276611,1,1,1,Mann
0.003597715,0.116710649,1,1,1,Mann
-0.222890824,0.025324869,1,1,1,Mann
-0.105175612,-0.048887265,1,1,1,Mann
-0.112085407,0.16683025,1,1,1,Mann
-0.02444098,0.227376254,1,1,1,Mann
-0.20234325,-0.095153772,1,1,1,Mann
-0.088863895,0.173422932,1,1,1,Mann
-0.342872166,-0.082814508,1,1,1,Mann
-0.147751441,0.042426304,1,1,1,Mann
-0.08770341,0.091043949,1,1,1,Mann
-0.188564612,-0.160689516,1,1,1,Mann
0.134172403,0.309008319,1,0,2,Mann
-0.132144789,0.125100913,1,1,1,Mann
0.005199334,-0.055955465,1,0,2,Mann
-0.068500081,0.185740007,1,1,1,Mann
-0.046980018,-0.005853503,0,0,0,Kirschner
-0.173099791,0.236137226,0,0,0,Kirschner
-0.133195948,0.093192056,0,0,0,Kirschner
-0.075643716,-0.004635222,0,0,0,Kirschner
-0.303507453,-0.000911944,0,0,0,Kirschner
-0.271462606,0.191623474,0,0,0,Kirschner
-0.380566389,0.171320673,0,0,0,Kirschner
-0.02294093,0.098900516,0,0,0,Kirschner
-0.128321155,0.280589135,0,0,0,Kirschner
-0.058627195,-0.123960326,0,0,0,Kirschner
-0.148443248,-0.023484957,0,0,0,Kirschner
-0.077801725,-0.159516541,0,0,0,Kirschner
0.003729718,0.406716041,0,0,0,Kirschner
0.216441293,0.23346557,0,1,2,Kirschner
-0.118452483,0.131903085,0,0,0,Kirschner
-0.20667886,-0.223222878,0,0,0,Kirschner
-0.171028989,0.007039674,0,0,0,Kirschner
-0.147681111,0.19895674,0,0,0,Kirschner
-0.115873984,-0.259722954,0,0,0,Kirschner
-0.297680996,0.160800445,0,0,0,Kirschner
-0.297689766,-0.12271641,0,0,0,Kirschner
-0.150356149,0.179309605,0,0,0,Kirschner
-0.139600491,0.014366609,0,0,0,Kirschner
-0.112622467,0.025843192,0,0,0,Kirschner
-0.194549585,0.146817872,0,0,0,Kirschner
-0.218010554,0.042826267,0,0,0,Kirschner
-0.144571671,0.042412171,0,0,0,Kirschner
-0.275341015,0.054022575,0,0,0,Kirschner
0.01296939,0.08557163,0,0,0,Kirschner
-0.163393033,0.043214454,0,0,0,Kirschner
-0.194509196,0.208925576,0,0,0,Kirschner
-0.039445877,0.050264081,0,0,0,Kirschner
-0.18597051,0.279199834,0,0,0,Kirschner
0.209282377,0.327075907,0,1,2,Kirschner
-0.140832323,-0.074112291,0,0,0,Kirschner
-0.145553019,0.081279921,0,0,0,Kirschner
-0.207165576,-0.245175947,0,0,0,Kirschner
-0.072995735,0.036228187,0,0,0,Kirschner
-0.059005437,0.078628133,0,0,0,Kirschner
0.31191916,0.028910815,0,1,2,Kirschner
0.089366122,-0.010384297,0,1,2,Kirschner
0.304772622,0.128427508,0,1,2,Kirschner
-0.082596583,0.299853471,0,0,0,Kirschner
-0.071020566,0.144342046,0,0,0,Kirschner
-0.178167436,-0.039557035,0,0,0,Kirschner
0.226459759,0.315938895,0,1,2,Kirschner
0.354250477,0.006035423,0,1,2,Kirschner
0.105455397,-0.298572876,0,1,2,Kirschner
-0.216962311,-0.032479575,0,0,0,Kirschner
-0.185876715,-0.077722478,0,0,0,Kirschner
-0.012281871,0.125768693,0,0,0,Kirschner
-0.192449926,-0.001251129,0,0,0,Kirschner
-0.022421391,-0.083904044,0,0,0,Kirschner
-0.023184928,0.175672406,0,0,0,Kirschner
-0.136405339,0.052817866,0,0,0,Kirschner
-0.073436965,0.175263906,0,0,0,Kirschner
-0.048075577,0.241948002,0,0,0,Kirschner
-0.092860083,-0.097974399,0,0,0,Kirschner
-0.113692102,-0.003269006,0,0,0,Kirschner
-0.161786154,0.08828839,0,0,0,Kirschner
0.071737172,0.372089856,0,0,0,Kirschner
0.072247944,-0.210384048,0,1,2,Kirschner
-0.000410919,0.055956431,0,0,0,Kirschner
-0.001205934,-0.010325199,0,0,0,Kirschner
-0.029458383,0.286900024,0,0,0,Kirschner
0.198839023,0.222649268,0,1,2,Kirschner
0.044358098,-0.217706662,0,1,2,Kirschner
0.030596537,0.215801122,0,0,0,Kirschner
0.084595369,0.132942269,0,1,2,Kirschner
0.210621716,-0.295884029,0,1,2,Kirschner
0.200544486,0.089939693,0,1,2,Kirschner
-0.11334414,0.23372353,0,0,0,Kirschner
0.282989167,0.285783351,0,1,2,Kirschner
-0.160448856,0.141075519,0,0,0,Kirschner
0.030595016,0.031026606,0,1,2,Kirschner
-0.030427911,-0.283764467,0,1,2,Kirschner
-0.07712809,0.068729381,0,0,0,Kirschner
0.144487619,-0.209213352,0,1,2,Kirschner
0.120535888,0.142341343,0,1,2,Kirschner
0.025188743,-0.160431401,0,1,2,Kirschner
-0.240919456,-0.199128833,1,0,2,Kirschner
0.24627585,0.093577006,1,1,1,Kirschner
0.175121515,0.075160102,1,1,1,Kirschner
0.106908174,-0.238409422,1,1,1,Kirschner
0.187078159,-0.168452637,1,1,1,Kirschner
0.055617947,-0.045502952,1,1,1,Kirschner
-0.084151496,-0.062053808,1,0,2,Kirschner
0.010963043,-0.320369786,1,1,1,Kirschner
0.168450057,0.247998596,1,1,1,Kirschner
-0.095088287,0.121139576,1,0,2,Kirschner
-0.407545139,-0.041742316,1,0,2,Kirschner
0.187121961,0.007626844,1,1,1,Kirschner
-0.111203299,-0.026842677,1,0,2,Kirschner
-0.298254007,-0.350141544,1,0,2,Kirschner
0.045134048,0.287955815,1,0,2,Kirschner
-0.125207395,-0.077764883,1,0,2,Kirschner
0.222083077,-0.153193456,1,1,1,Kirschner
-0.046525565,0.023498072,1,0,2,Kirschner
0.074061571,-0.341044704,1,1,1,Kirschner
-0.225798773,0.230653947,1,0,2,Kirschner
-0.139017504,-0.242421779,1,0,2,Kirschner
-0.1945581,0.045141584,1,0,2,Kirschner
0.048348928,-0.310940901,1,1,1,Kirschner
0.236892181,-0.254953199,1,1,1,Kirschner
-0.208829988,-0.156597456,1,0,2,Kirschner
0.153506263,-0.324422085,1,1,1,Kirschner
-0.263858274,-0.024857424,1,0,2,Kirschner
0.069958712,-0.111375262,1,1,1,Kirschner
-0.025378545,-0.205460112,1,1,1,Kirschner
0.354150747,-0.161061619,1,1,1,Kirschner
0.072793705,-0.158699229,1,1,1,Kirschner
-0.143588567,-0.159210974,1,0,2,Kirschner
-0.014824919,-0.380726139,1,1,1,Kirschner
-0.121922878,-0.121965477,1,0,2,Kirschner
0.188743488,-0.052876726,1,1,1,Kirschner
-0.076868598,-0.266176104,1,1,1,Kirschner
0.107539034,0.088198083,1,1,1,Kirschner
-0.275255364,-0.169372736,1,0,2,Kirschner
0.002974978,-0.220350364,1,1,1,Kirschner
-0.270853727,-0.067599214,1,0,2,Kirschner
0.207035874,0.013670254,1,1,1,Kirschner
0.037567946,0.00197731,1,1,1,Kirschner
0.251133,-0.209884368,1,1,1,Kirschner
-0.079700163,-0.034104832,1,0,2,Kirschner
0.121034357,0.054954975,1,1,1,Kirschner
-0.129113105,-0.210354821,1,0,2,Kirschner
0.247355934,-0.051491351,1,1,1,Kirschner
0.257142837,-0.084347761,1,1,1,Kirschner
-0.389292687,-0.132012154,1,0,2,Kirschner
0.168230816,-0.141215391,1,1,1,Kirschner
0.320425743,0.261299176,1,1,1,Kirschner
0.194651062,0.046136563,1,1,1,Kirschner
0.088787494,0.032202919,1,1,1,Kirschner
0.250011689,-0.104488263,1,1,1,Kirschner
0.300390368,-0.035131007,1,1,1,Kirschner
0.044987186,0.078576666,1,1,1,Kirschner
-0.014431882,0.161765848,1,0,2,Kirschner
0.125061414,-0.08168692,1,1,1,Kirschner
0.164467553,-0.013984909,1,1,1,Kirschner
0.03749767,0.162979534,1,0,2,Kirschner
0.143401414,0.126966756,1,1,1,Kirschner
0.112215607,0.396958593,1,0,2,Kirschner
0.328919662,-0.097109529,1,1,1,Kirschner
-0.044156367,-0.211921114,1,1,1,Kirschner
0.02547825,-0.086882897,1,1,1,Kirschner
0.231573551,0.045580956,1,1,1,Kirschner
0.156370467,-0.062897605,1,1,1,Kirschner
0.213312079,-0.019777508,1,1,1,Kirschner
0.195886305,0.121600222,1,1,1,Kirschner
0.291697624,-0.215080967,1,1,1,Kirschner
0.00813871,0.032001145,1,0,2,Kirschner
-0.221592943,0.089308196,1,0,2,Kirschner
0.190847041,-0.204081825,1,1,1,Kirschner
0.223033095,-0.10033276,1,1,1,Kirschner
0.248309757,0.038462347,1,1,1,Kirschner
0.39409995,0.13833303,1,1,1,Kirschner
0.020861456,-0.061476776,1,1,1,Kirschner
0.086300958,0.219308007,1,0,2,Kirschner
0.031954523,0.260056759,1,0,2,Kirschner
0.001386852,-0.045642975,1,1,1,Kirschner
-0.044661938,0.131430245,1,0,2,Kirschner
-0.009326166,-0.138388266,1,1,1,Kirschner
0.18324588,-0.080393676,1,1,1,Kirschner
-0.039647305,-0.095851753,1,0,2,Kirschner
0.109729298,-0.160370371,1,1,1,Kirschner
-0.093436336,-0.234615002,1,0,2,Kirschner
-0.118160906,-0.11779856,0,0,0,Kowalczyk
-0.051795667,-0.00704379,0,0,0,Kowalczyk
-0.218481213,0.021700325,0,0,0,Kowalczyk
-0.153163056,-0.053171153,0,0,0,Kowalczyk
-0.143371691,-0.031043298,0,0,0,Kowalczyk
-0.182784789,0.063338449,0,0,0,Kowalczyk
-0.115009328,-0.005708726,0,0,0,Kowalczyk
-0.023577847,-0.092597077,0,0,0,Kowalczyk
-0.189525921,0.136604432,0,0,0,Kowalczyk
-0.126212532,-0.108610094,0,0,0,Kowalczyk
-0.098209352,-0.017776744,0,0,0,Kowalczyk
-0.117605182,0.10381581,0,0,0,Kowalczyk
-0.070210614,0.011063948,0,0,0,Kowalczyk
-0.177084143,-0.062303957,0,0,0,Kowalczyk
-0.065264404,-0.087228779,0,0,0,Kowalczyk
-0.094005427,-0.075732686,0,0,0,Kowalczyk
-0.001750068,0.004417114,0,0,0,Kowalczyk
-0.176133839,-0.050872196,0,0,0,Kowalczyk
-0.125282729,-0.139336707,0,0,0,Kowalczyk
-0.133446664,-0.113067608,0,0,0,Kowalczyk
-0.150430882,-0.102244848,0,0,0,Kowalczyk
0.009929532,-0.066527047,0,1,2,Kowalczyk
-0.178292492,-0.031370652,0,0,0,Kowalczyk
-0.197038756,0.042613136,0,0,0,Kowalczyk
-0.041454284,-0.165575227,0,0,0,Kowalczyk
-0.009553607,-0.130620407,0,0,0,Kowalczyk
-0.064425291,0.204350542,0,0,0,Kowalczyk
-0.116901111,-0.093863442,0,0,0,Kowalczyk
-0.152435111,-0.073334901,0,0,0,Kowalczyk
-0.176806624,0.102001992,0,0,0,Kowalczyk
-0.086585919,-0.202552023,0,0,0,Kowalczyk
-0.043308169,-0.100324476,0,0,0,Kowalczyk
-0.028998662,0.120691858,0,0,0,Kowalczyk
-0.066879677,0.085693981,0,0,0,Kowalczyk
-0.197521979,-0.073334832,0,0,0,Kowalczyk
-0.06424627,-0.037866277,0,0,0,Kowalczyk
-0.007262514,0.188979787,0,0,0,Kowalczyk
-0.093218658,0.003912565,0,0,0,Kowalczyk
-0.11743324,0.167224003,0,0,0,Kowalczyk
-0.077747518,-0.023304576,0,0,0,Kowalczyk
-0.16036635,0.094090354,0,0,0,Kowalczyk
-0.168196317,-0.047776876,0,0,0,Kowalczyk
-0.089677882,-0.094989617,0,0,0,Kowalczyk
0.051085481,0.198454887,0,1,2,Kowalczyk
-0.048469224,0.111694673,0,0,0,Kowalczyk
-0.083134702,0.009191132,0,0,0,Kowalczyk
-0.132223957,0.18126353,0,0,0,Kowalczyk
-0.071737743,0.160519462,0,0,0,Kowalczyk
-0.201268585,0.096642506,0,0,0,Kowalczyk
-0.00211569,-0.161551433,0,1,2,Kowalczyk
-0.206640228,-0.041343648,0,0,0,Kowalczyk
-0.056869659,0.151953953,0,0,0,Kowalczyk
-0.102710503,-0.170705357,0,0,0,Kowalczyk
-0.055500427,-0.153114931,0,0,0,Kowalczyk
-0.112523379,-0.141550249,0,0,0,Kowalczyk
-0.138135891,0.006844815,0,0,0,Kowalczyk
-0.201918373,0.047542755,0,0,0,Kowalczyk
-0.082548547,-0.140284374,0,0,0,Kowalczyk
-0.064859492,-5.56E-05,0,0,0,Kowalczyk
-0.081648324,0.03203161,0,0,0,Kowalczyk
-0.125525709,-0.1199822,0,0,0,Kowalczyk
-0.19943687,-0.006550717,0,0,0,Kowalczyk
-0.07873094,-0.127114856,0,0,0,Kowalczyk
-0.107000023,0.004456624,0,0,0,Kowalczyk
-0.093978639,-0.106904019,0,0,0,Kowalczyk
-0.193967917,-0.035018746,0,0,0,Kowalczyk
-0.018834073,-0.168910526,0,0,0,Kowalczyk
-0.146628346,0.049561474,0,0,0,Kowalczyk
-0.205289082,0.048500705,0,0,0,Kowalczyk
-0.053084376,0.210633159,0,0,0,Kowalczyk
-0.075898813,0.167906482,0,0,0,Kowalczyk
-0.082478704,-0.079472352,0,0,0,Kowalczyk
-0.174280199,0.050506196,0,0,0,Kowalczyk
-0.162322972,-0.129827042,0,0,0,Kowalczyk
-0.121663851,0.064146977,0,0,0,Kowalczyk
-0.005458926,0.150158423,0,0,0,Kowalczyk
-0.121853861,-0.06304833,0,0,0,Kowalczyk
-0.08008593,-0.033117995,0,0,0,Kowalczyk
-0.190387302,-0.097684192,0,0,0,Kowalczyk
-0.119569922,0.08624446,0,0,0,Kowalczyk
-0.18175251,0.095986488,0,0,0,Kowalczyk
-0.151769336,-0.012619467,0,0,0,Kowalczyk
-0.136814958,0.155606129,0,0,0,Kowalczyk
-0.114609635,0.011304884,0,0,0,Kowalczyk
-0.123510778,0.099659193,0,0,0,Kowalczyk
-0.024345649,-0.077063144,0,0,0,Kowalczyk
-0.091574421,-0.139043473,0,0,0,Kowalczyk
-0.023330461,0.023694295,0,0,0,Kowalczyk
-0.063553825,0.029815265,0,0,0,Kowalczyk
-0.131059189,0.155298092,0,0,0,Kowalczyk
0.013390879,-0.130324782,0,1,2,Kowalczyk
-0.16558692,-0.008217329,0,0,0,Kowalczyk
-0.078944769,0.118750048,0,0,0,Kowalczyk
-0.076978457,0.050757607,0,0,0,Kowalczyk
-0.101394044,-0.025972494,0,0,0,Kowalczyk
-0.14207673,0.011933499,0,0,0,Kowalczyk
-0.113028081,0.165169785,0,0,0,Kowalczyk
-0.037212078,-0.031630679,0,0,0,Kowalczyk
0.043287346,0.157269054,0,1,2,Kowalczyk
-0.091580617,0.088326844,0,0,0,Kowalczyk
-0.102600501,-0.18294178,0,0,0,Kowalczyk
-0.138371299,-0.015678689,0,0,0,Kowalczyk
0.013891814,-0.037365487,0,1,2,Kowalczyk
-0.189562825,0.017613014,0,0,0,Kowalczyk
-0.10645964,0.014904794,0,0,0,Kowalczyk
-0.096039165,0.162676261,0,0,0,Kowalczyk
-0.085423828,-0.052131894,0,0,0,Kowalczyk
-0.078759014,-0.067249472,0,0,0,Kowalczyk
-0.202462754,-0.026709199,0,0,0,Kowalczyk
-0.117448002,0.021390247,0,0,0,Kowalczyk
-0.074590627,0.103001024,0,0,0,Kowalczyk
-0.135337282,-0.087513413,0,0,0,Kowalczyk
-0.136840793,-0.079305774,0,0,0,Kowalczyk
-0.019229587,-0.048998996,0,0,0,Kowalczyk
-0.109249443,-0.004844069,0,0,0,Kowalczyk
-0.150684598,0.068123196,0,0,0,Kowalczyk
-0.141776817,0.078599734,0,0,0,Kowalczyk
-0.15890833,0.10144122,0,0,0,Kowalczyk
-0.102895657,-0.035691427,0,0,0,Kowalczyk
-0.117064746,0.138709351,0,0,0,Kowalczyk
-0.068701057,-0.056626657,0,0,0,Kowalczyk
-0.189489187,0.045378097,0,0,0,Kowalczyk
-0.171717698,-0.038318738,0,0,0,Kowalczyk
-0.043450042,-0.019063102,0,0,0,Kowalczyk
-0.031020349,-0.009909065,0,0,0,Kowalczyk
-0.058077765,0.188974257,0,0,0,Kowalczyk
-0.142505468,-0.022923682,0,0,0,Kowalczyk
-0.059809974,-0.177479396,0,0,0,Kowalczyk
-0.025420487,0.163223754,0,0,0,Kowalczyk
-0.156611727,-0.117780125,0,0,0,Kowalczyk
-0.124134396,0.11647909,0,0,0,Kowalczyk
-0.05525358,0.054418204,0,0,0,Kowalczyk
0.040599295,0.083779243,0,1,2,Kowalczyk
-0.185401093,-0.011160212,0,0,0,Kowalczyk
-0.090619734,0.034645294,0,0,0,Kowalczyk
0.054325838,-0.087933089,0,1,2,Kowalczyk
-0.009769006,0.138208747,0,0,0,Kowalczyk
-0.068732529,0.057450441,0,0,0,Kowalczyk
-0.162583753,-0.036797891,0,0,0,Kowalczyk
-0.058705971,0.133852047,0,0,0,Kowalczyk
-0.018674984,0.039611294,0,0,0,Kowalczyk
-0.105469495,0.124766123,0,0,0,Kowalczyk
-0.164255935,-0.024165243,0,0,0,Kowalczyk
-0.043017031,-0.075463906,0,0,0,Kowalczyk
-0.119687193,0.073696939,0,0,0,Kowalczyk
-0.111579314,0.071110781,0,0,0,Kowalczyk
-0.132818707,0.08862556,0,0,0,Kowalczyk
-0.163591934,-0.085274579,0,0,0,Kowalczyk
-0.014515064,0.117907058,0,0,0,Kowalczyk
-0.085945148,-0.01569253,0,0,0,Kowalczyk
-0.139583845,0.093401564,0,0,0,Kowalczyk
-0.113296566,0.111930014,0,0,0,Kowalczyk
-0.101427831,-0.121912523,0,0,0,Kowalczyk
0.011466808,-0.189692518,1,1,1,Kowalczyk
0.047715317,-0.167638608,1,1,1,Kowalczyk
0.03006296,-0.01674123,1,1,1,Kowalczyk
-0.024053241,-0.179956374,1,0,2,Kowalczyk
0.169321974,0.033944317,1,1,1,Kowalczyk
0.053095386,-0.189926404,1,1,1,Kowalczyk
0.126486506,0.015747371,1,1,1,Kowalczyk
0.138114043,0.066919217,1,1,1,Kowalczyk
0.057843029,0.080178087,1,1,1,Kowalczyk
0.142624289,-0.053709606,1,1,1,Kowalczyk
0.17622919,-0.006780875,1,1,1,Kowalczyk
0.033907259,0.186582691,1,1,1,Kowalczyk
0.026138535,-0.064281553,1,1,1,Kowalczyk
0.025670573,0.139801181,1,1,1,Kowalczyk
-0.008090253,-0.109934365,1,0,2,Kowalczyk
-0.03615166,0.138358177,1,0,2,Kowalczyk
0.095450762,0.065497447,1,1,1,Kowalczyk
0.064345899,0.110793331,1,1,1,Kowalczyk
0.059791809,0.174218481,1,1,1,Kowalczyk
0.124995544,0.091182117,1,1,1,Kowalczyk
-0.041626154,0.165995273,1,0,2,Kowalczyk
0.02716378,-0.161186013,1,1,1,Kowalczyk
-0.067336793,-0.099425432,1,0,2,Kowalczyk
0.140037688,-0.11374169,1,1,1,Kowalczyk
0.14545189,-0.096596065,1,1,1,Kowalczyk
0.030331658,0.105496113,1,1,1,Kowalczyk
0.040757783,-0.073487208,1,1,1,Kowalczyk
0.040548235,0.040583283,1,1,1,Kowalczyk
0.044127176,0.029139351,1,1,1,Kowalczyk
0.12139671,0.022387319,1,1,1,Kowalczyk
0.195204296,0.025911849,1,1,1,Kowalczyk
0.128102309,-0.169113044,1,1,1,Kowalczyk
0.07862355,-0.050932584,1,1,1,Kowalczyk
0.122795852,0.051618167,1,1,1,Kowalczyk
0.067326425,0.161638348,1,1,1,Kowalczyk
-0.15586195,0.117026929,1,0,2,Kowalczyk
0.051424513,-0.113897359,1,1,1,Kowalczyk
-0.058883644,-0.138959283,1,0,2,Kowalczyk
-0.00809897,-0.180741484,1,0,2,Kowalczyk
0.020419792,0.181743515,1,1,1,Kowalczyk
0.219839914,-0.000706426,1,1,1,Kowalczyk
0.175614821,0.11708476,1,1,1,Kowalczyk
0.008603535,0.072373692,1,1,1,Kowalczyk
0.076555467,0.129495313,1,1,1,Kowalczyk
-0.021593891,0.04803461,1,0,2,Kowalczyk
0.148950108,-0.047980177,1,1,1,Kowalczyk
0.067298866,-0.05607591,1,1,1,Kowalczyk
0.192184188,-0.044792795,1,1,1,Kowalczyk
0.090960406,-0.052606096,1,1,1,Kowalczyk
0.113698053,-0.131469346,1,1,1,Kowalczyk
0.059999942,-0.003093312,1,1,1,Kowalczyk
0.075208878,0.043251358,1,1,1,Kowalczyk
0.087112424,-0.17399278,1,1,1,Kowalczyk
0.178920325,0.069433046,1,1,1,Kowalczyk
-0.00979592,0.162421389,1,0,2,Kowalczyk
0.055208942,-0.014082791,1,1,1,Kowalczyk
0.131720888,-0.015675273,1,1,1,Kowalczyk
0.198208172,-0.01740534,1,1,1,Kowalczyk
0.10179581,0.117818769,1,1,1,Kowalczyk
0.124370927,0.09843378,1,1,1,Kowalczyk
0.086984762,0.17575163,1,1,1,Kowalczyk
0.087475284,-0.144060043,1,1,1,Kowalczyk
0.165397404,-0.016390712,1,1,1,Kowalczyk
0.149881743,0.082995516,1,1,1,Kowalczyk
0.176300719,0.026352011,1,1,1,Kowalczyk
0.058663417,-0.142226858,1,1,1,Kowalczyk
0.123254168,0.043344411,1,1,1,Kowalczyk
-0.030349402,-0.15138724,1,0,2,Kowalczyk
-0.076418906,-0.167445524,1,0,2,Kowalczyk
0.021438496,-0.119671046,1,1,1,Kowalczyk
0.010626174,-0.083563439,1,1,1,Kowalczyk
-0.029602411,-0.128144665,1,0,2,Kowalczyk
0.205611851,-0.083784476,1,1,1,Kowalczyk
0.041938778,-0.107980503,1,1,1,Kowalczyk
0.044070998,0.143811185,1,1,1,Kowalczyk
0.132454755,-0.101709328,1,1,1,Kowalczyk
0.175181129,0.109337227,1,1,1,Kowalczyk
0.098894811,0.002232203,1,1,1,Kowalczyk
-0.037527878,0.075279895,1,0,2,Kowalczyk
0.146446652,0.025723231,1,1,1,Kowalczyk
0.06526111,-0.076100558,1,1,1,Kowalczyk
0.133337463,-0.071803881,1,1,1,Kowalczyk
0.069101819,-0.162291264,1,1,1,Kowalczyk
0.011560832,0.200294101,1,1,1,Kowalczyk
0.209809305,-0.115139627,1,1,1,Kowalczyk
0.105872285,-0.141855413,1,1,1,Kowalczyk
0.128365092,-0.028951432,1,1,1,Kowalczyk
0.037411947,0.201357652,1,1,1,Kowalczyk
0.164182816,0.097586553,1,1,1,Kowalczyk
0.046113092,0.008494421,1,1,1,Kowalczyk
0.160991525,0.145336074,1,1,1,Kowalczyk
0.029070877,0.051798687,1,1,1,Kowalczyk
0.156404472,-0.027975966,1,1,1,Kowalczyk
-0.027698392,0.206046959,1,0,2,Kowalczyk
-0.014151945,-0.057812742,1,0,2,Kowalczyk
0.146740832,-0.115315962,1,1,1,Kowalczyk
0.195576368,0.046849085,1,1,1,Kowalczyk
0.005294154,0.036128145,1,1,1,Kowalczyk
0.110155557,-0.096780403,1,1,1,Kowalczyk
0.119532265,-0.052727739,1,1,1,Kowalczyk
0.081225818,-0.033631543,1,1,1,Kowalczyk
0.209971684,-0.038443744,1,1,1,Kowalczyk
0.117467956,0.085290435,1,1,1,Kowalczyk
0.09906362,0.039716559,1,1,1,Kowalczyk
0.148721475,-0.038728566,1,1,1,Kowalczyk
0.140676205,0.050123819,1,1,1,Kowalczyk
0.16548664,0.073590114,1,1,1,Kowalczyk
0.18033297,-0.067337391,1,1,1,Kowalczyk
0.07583942,-0.096994803,1,1,1,Kowalczyk
0.190256189,0.065854516,1,1,1,Kowalczyk
0.055913492,-0.067187535,1,1,1,Kowalczyk
0.082526824,0.082540985,1,1,1,Kowalczyk
0.107488645,-0.071614908,1,1,1,Kowalczyk
0.185638975,-7.23E-05,1,1,1,Kowalczyk
0.172850741,-0.055406764,1,1,1,Kowalczyk
0.137772193,-0.135679501,1,1,1,Kowalczyk
0.072563892,0.015728865,1,1,1,Kowalczyk
0.105761087,-0.083583703,1,1,1,Kowalczyk
0.083897961,-0.156299289,1,1,1,Kowalczyk
0.109051189,0.132836805,1,1,1,Kowalczyk
0.092195888,0.146177722,1,1,1,Kowalczyk
0.178884061,0.146242061,1,1,1,Kowalczyk
0.130068738,0.159954184,1,1,1,Kowalczyk
0.090656261,-0.110629694,1,1,1,Kowalczyk
0.157163452,0.125456342,1,1,1,Kowalczyk
0.04847333,-0.124409552,1,1,1,Kowalczyk
0.127893784,-0.085965168,1,1,1,Kowalczyk
0.147128498,-0.14354306,1,1,1,Kowalczyk
0.145851764,-0.025549509,1,1,1,Kowalczyk
0.074711491,-0.015373878,1,1,1,Kowalczyk
0.051626507,0.038058186,1,1,1,Kowalczyk
0.162574651,-0.075935159,1,1,1,Kowalczyk
0.147912841,-0.063395836,1,1,1,Kowalczyk
0.13760999,0.187479401,1,1,1,Kowalczyk
0.023794254,-0.194963098,1,1,1,Kowalczyk
0.098904805,-0.017999676,1,1,1,Kowalczyk
0.024399041,0.066558657,1,1,1,Kowalczyk
0.111780646,-0.161236543,1,1,1,Kowalczyk
0.157295905,-0.085608496,1,1,1,Kowalczyk
-0.033131518,-0.045984434,1,0,2,Kowalczyk
0.204806247,0.026812454,1,1,1,Kowalczyk
-0.038555516,-0.086059003,1,0,2,Kowalczyk
0.089385772,-0.139775367,1,1,1,Kowalczyk
0.043612069,-0.147438846,1,1,1,Kowalczyk
0.013947642,-0.008274612,1,1,1,Kowalczyk
0.188013916,0.037483305,1,1,1,Kowalczyk
0.011231957,-0.174664964,1,1,1,Kowalczyk
0.18562073,0.055626561,1,1,1,Kowalczyk
0.02037782,0.109210328,1,1,1,Kowalczyk
0.126348216,0.124287723,1,1,1,Kowalczyk
-0.173942167,0.034265578,1,0,2,Kowalczyk
0.146156515,-0.102813683,1,1,1,Kowalczyk
0.062725502,0.148011067,1,1,1,Kowalczyk
0.005961442,-0.123132748,1,1,1,Kowalczyk
0.078038966,0.038586731,1,1,1,Kowalczyk
0.067965666,-0.033955703,1,1,1,Kowalczyk
0.038412323,-0.213059702,1,1,1,Kowalczyk
0.015341231,0.002735667,1,1,1,Kowalczyk
0.116081519,-0.070748429,1,1,1,Kowalczyk
0.107226265,-0.055464871,1,1,1,Kowalczyk
0.155742927,0.037797992,1,1,1,Kowalczyk
0.087592588,0.048622785,1,1,1,Kowalczyk
0.106756591,0.10649409,1,1,1,Kowalczyk
0.118762598,0.146075867,1,1,1,Kowalczyk
0.047201822,0.167207994,1,1,1,Kowalczyk
0.174753557,-0.034675604,1,1,1,Kowalczyk
0.146303802,0.101487715,1,1,1,Kowalczyk
0.163409763,-0.050054813,1,1,1,Kowalczyk
0.191729269,0.027655196,1,1,1,Kowalczyk
0.199721536,0.004268902,1,1,1,Kowalczyk
0.130493106,-0.006391508,1,1,1,Kowalczyk
0.115725352,-0.114253961,1,1,1,Kowalczyk
0.14139844,0.137868369,1,1,1,Kowalczyk
0.129832372,0.072581079,1,1,1,Kowalczyk
0.038955944,0.059337197,1,1,1,Kowalczyk
-0.218383914,-0.113106897,0,0,0,Grover
-0.191392099,-0.116420171,0,0,0,Grover
-0.211948907,0.02061756,0,0,0,Grover
-0.011119655,-0.22196192,0,0,0,Grover
-0.030248472,-0.171908004,0,0,0,Grover
-0.112336752,-0.09191566,0,0,0,Grover
-0.180978969,-0.086124977,0,0,0,Grover
-0.119528306,-0.039864047,0,0,0,Grover
-0.090490257,-0.123172248,0,0,0,Grover
0.107868287,-0.183121979,0,0,0,Grover
-0.154863598,-0.141709419,0,0,0,Grover
-0.034793249,-0.24692856,0,0,0,Grover
-0.142980008,0.078808642,0,0,0,Grover
-0.116976555,-0.219594264,0,0,0,Grover
-0.140612586,-0.23484311,0,0,0,Grover
-0.192676049,0.007859118,0,0,0,Grover
0.111688338,-0.141665168,0,0,0,Grover
-0.239280878,0.050243906,0,0,0,Grover
-0.221009685,-0.174324661,0,0,0,Grover
-0.185858342,-0.162508306,0,0,0,Grover
-0.118595334,-0.159059176,0,0,0,Grover
-0.202564068,-0.217799544,0,0,0,Grover
0.010328576,-0.259658681,0,0,0,Grover
-0.214047589,-0.152022399,0,0,0,Grover
-0.06703413,-0.147613112,0,0,0,Grover
-0.076820046,0.037291569,0,0,0,Grover
-0.398501085,0.161378415,0,0,0,Grover
-0.060288494,-0.179464378,0,0,0,Grover
0.08197388,-0.185213943,0,0,0,Grover
-0.000869896,-0.087407905,0,0,0,Grover
-0.072948278,-0.263969261,0,0,0,Grover
-0.003242724,-0.238641548,0,0,0,Grover
0.033227592,-0.212225338,0,0,0,Grover
0.153249699,-0.15898475,0,0,0,Grover
-0.099906529,-0.058932092,0,0,0,Grover
0.064703596,-0.258780231,0,0,0,Grover
-0.245200532,-0.101394553,0,0,0,Grover
-0.050717645,-0.220057191,0,0,0,Grover
0.115680718,-0.234610957,0,0,0,Grover
-0.037502347,-0.034612662,0,0,0,Grover
-0.231233349,-0.064056403,0,0,0,Grover
-0.195044986,-0.066993089,0,0,0,Grover
-0.258918891,-0.051375122,0,0,0,Grover
-0.075682083,-0.236184315,0,0,0,Grover
-0.071748601,-0.082141807,0,0,0,Grover
-0.202258735,-0.186432629,0,0,0,Grover
0.005296407,-0.309104878,0,0,0,Grover
-0.107718877,-0.199452029,0,0,0,Grover
0.017046268,0.15026137,1,1,1,Grover
-0.123645186,0.177294935,1,1,1,Grover
0.095107213,0.03198216,1,1,1,Grover
0.09713776,0.17119073,1,1,1,Grover
0.03928461,0.086016317,1,1,1,Grover
0.045486808,0.110492041,1,1,1,Grover
0.016925887,0.412622016,1,1,1,Grover
0.241959814,-0.042444713,1,1,1,Grover
0.00220038,0.080667748,1,1,1,Grover
0.114482447,-0.001389011,1,1,1,Grover
0.060805259,-0.064842841,1,0,2,Grover
0.222384238,0.003839157,1,1,1,Grover
0.068457147,-0.113488268,1,0,2,Grover
0.086414505,-0.018711302,1,1,1,Grover
0.09099234,-0.089456998,1,0,2,Grover
0.199375496,0.040921539,1,1,1,Grover
0.043798483,0.230650806,1,1,1,Grover
0.055338796,0.445962226,1,1,1,Grover
0.133533174,0.079674894,1,1,1,Grover
0.01962922,0.187524424,1,1,1,Grover
0.16482624,0.051407785,1,1,1,Grover
-0.133263879,0.12181976,1,1,1,Grover
-0.038012953,0.12960972,1,1,1,Grover
0.119028415,0.162432479,1,1,1,Grover
-0.028020359,0.105755236,1,1,1,Grover
0.093806032,0.086324515,1,1,1,Grover
0.200183488,0.173346704,1,1,1,Grover
0.13317828,-0.074151869,1,1,1,Grover
-0.070413975,0.113501213,1,1,1,Grover
0.194673301,-0.080157515,1,1,1,Grover
-0.090783804,0.063263095,1,1,1,Grover
0.172484255,0.138331695,1,1,1,Grover
-0.100218724,0.127064196,1,1,1,Grover
0.205637108,0.088502929,1,1,1,Grover
0.114945304,0.187214061,1,1,1,Grover
-0.037509791,0.073058105,1,1,1,Grover
0.022419546,-0.13766993,1,0,2,Grover
-0.229248893,-0.015910381,1,0,2,Grover
0.092143715,0.138030683,1,1,1,Grover
0.244184307,-0.162089327,1,1,1,Grover
0.11002515,0.13118593,1,1,1,Grover
0.068627209,0.153102067,1,1,1,Grover
0.210865584,0.124988621,1,1,1,Grover
0.033276902,-0.012498832,1,1,1,Grover
0.248114046,0.038887813,1,1,1,Grover
-0.05640962,0.201599288,1,1,1,Grover
0.164402301,0.03038603,1,1,1,Grover
-0.124972762,0.269939341,1,1,1,Grover
0.07963277,0.100955315,1,1,1,Grover
0.164375971,-0.054051243,1,1,1,Grover
0.010567355,0.042505956,1,1,1,Grover
0.271658241,-0.000203282,1,1,1,Grover
0.179777105,-0.026144894,1,1,1,Grover
0.195491342,0.084189091,1,1,1,Grover
0.063171506,0.132155646,1,1,1,Grover
-0.074514518,0.345946173,1,1,1,Grover
0.181023976,0.041052963,1,1,1,Grover
-0.004560233,0.199664957,1,1,1,Grover
0.028707925,0.279559248,1,1,1,Grover
0.18447723,-0.115928457,1,1,1,Grover
-0.156099315,0.057660331,1,0,2,Grover
0.134344613,0.01121251,1,1,1,Grover
0.172241478,-0.006175098,1,1,1,Grover
0.15351051,0.194651059,1,1,1,Grover
-0.084783122,0.16769285,1,1,1,Grover
-0.086049937,0.436086407,1,1,1,Grover
0.124620342,0.179531761,1,1,1,Grover
-0.050031532,0.41039714,1,1,1,Grover
0.004062616,-0.107640898,1,0,2,Grover