Genes,Bersenev_GSE39553n_DE_YOn.csv, Chambers_GSE6503_YOn.csv, Flach_GSE48893_YOn.csv, Grover_GSE70657_DE_OY.csv, Kirshner_GSE87631_DE_OY.csv, Kowalczyk_GSE59114_DE_OY.csv, Lazare_DE_YO.csv, Mann_GSE1004426_DE_OY.csv, Maryanovich_GSE109546_DE_YO.csv, Norddahl_GSE27686_DE_YOn.csv, Sun_GSE47817_DE_YO.csv, Wahlestedt_GSE44923_DE_YOn.csv
Plscr2,3.5091365035, 4.3862251479, 0.0, 0.9726853205, 0.0, 0.7703929911, 1.4685735488, 0.5084649113, 5.0401785534, 4.1789856596, 3.0169978702, 4.1244473904
Selp,3.2736876585, 5.952785834149999, 1.68225646321666, 1.0473936587, 0.6174698018, 0.9934946774, 2.1541820757, 1.0756210292, 4.0901712015, 2.7751694892666667, 2.495543057, 3.1410305368
Clca3a1,2.7016208648, 0.0, 1.72614294110833, 0.0, 0.720137035, 0.0, 1.5343621813, 0.0, 5.157997043, 3.31714670135, 2.5671775374, 3.057975213
Bmpr1a,2.694994289, 2.2173006012, 0.0, 0.7786868848, 0.0, 0.0, 0.0, 0.0, 0.0, 2.322770832025, 0.0, 2.157375311225
Klrb1c,2.5646221613, 0.0, 0.0, 0.0, 0.0, 0.0, 1.7152980199, 0.4508591226, 2.1172646041, 0.0, 3.078955288, 0.0
Zg16,2.5450903648, 2.7688053122, 1.272623946125, 0.0, 0.0, 0.0, 2.5999806084, 0.0, 10.4582497573, 3.3496460786999998, 3.5409096847, 2.6039829745666667
Mt1,2.3802924819, 5.5764220209, 0.0, 0.774329851, 0.5880963502, 1.3098157647, 1.7426641458, 0.2850472766, 3.7129013675, 2.9189320377, 1.5082730515, 2.713056669
Sbspon,2.2536011791, 0.0, 0.977520269591664, 0.0, 0.0, 0.0, 2.4668756145, 0.6066761611, 4.6739313739, 4.96623957575, 3.8809869339, 5.9988853753
Aspa,2.231535968, 0.0, 0.0, 0.0, 0.0, 0.0, 0.0, 0.0, 2.5880850499, 1.6373374837, 1.4287955007, 2.3067655507
Trpc1,2.1428738385, 2.686629888, 1.448517502825, 0.0, 0.0, 0.0, 1.0466777286, 0.0, 3.3173993219, 3.3960657234, 3.1888756723, 3.0211295632
Ramp2,2.0128704187, 0.0, 0.0, 0.0, 0.0, 0.0, 2.5842506327, 0.0, 1.8860884016, 3.3213416222, 3.3689378746, 2.3595337011
Clec1a,1.9839574767, 0.0, 1.24548515151666, 1.0042823254, 0.0, 0.6881832721, 0.9693890567, 0.8676996916, 1.9901380097, 2.68130412055, 1.472334955, 1.9668155143
Gstm2,1.972984103, 4.4909038524, 0.0, 0.3725925161, 0.0, 0.4000135468, 1.7455580674, 0.0, 3.3495958595, 2.5345589875, 2.5601997337, 2.9698361658
Osmr,1.9726565009, 0.0, 0.0, 0.0, 0.0, 0.0, 1.6683466107, 0.0, 8.9170089321, 3.694586857, 3.5472083216, 4.5586009437
Clu,1.9332861995, 4.78850757635, 0.0, 0.9419754217, 0.0, 1.3624890122, 0.0, 0.0, 0.0, 3.1291498431499996, 0.0, 3.1081990321
Gem,1.9294713563, 0.0, 0.0, 0.0, 0.0, 0.5520096425, 1.5240008922, 0.0, 0.9239820739, 0.0, 1.7164323042, 0.0
Tdrd9,1.8682448217, 0.0, 1.24382672094999, 0.0, 0.0, 0.0, 0.919707332, 0.0, 4.9083116096, 4.3910289081, 3.9651667054, 3.559316578
Cysltr2,1.8587191274, 0.0, 1.24423148716666, 0.0, 0.3948793534, 0.0, 0.0, 0.0, 0.0, 1.716098835, 0.0, 2.1482207028
Gpr183,1.8049427123, 0.0, 1.969398928475, 0.6598183825, 0.6606287499, 0.2901684407, 0.0, 0.4866814687, 0.0, 3.7486150425, 0.0, 3.22929058435
Aldh1a1,1.7955118414, 4.1151932965, 0.0, 1.1539389066, 0.0, 0.5733065936, 0.0, 0.6818649731, 0.0, 1.7211111933, 0.0, 1.9664474668
Tmem47,1.7420037973, 2.4741684366, 1.302897346625, 0.0, 0.0, 0.0, 0.0, 0.0, 3.1940623244, 1.7523951841, 2.3513811706, 2.4928115995
Fhdc1,1.6867433334, 0.0, 0.0, 0.0, 0.0, 0.0, 0.7696777559, 0.0, 3.110521426, 1.4018023035, 1.0189502288, 1.32236091415
Gm10419,1.6795845975, 0.0, 0.0, 0.0, 0.0, 0.3214593924, 1.3004474734, 0.0, 4.0192296036, 2.4719436268, 1.6468635908, 2.4453086618
Flt3,-1.6684281996, 0.0, 0.0, -0.2774992712, 0.0, 0.0, -1.0303598226, 0.0, 0.0, 0.0, -1.5794145995, 0.0
Dnm3,1.6462690766, 0.0, 0.0, 0.3873914748, 0.0, 0.0, 1.2024676001, 0.0, 2.9137587183, 2.0186626881, 2.6725618257, 1.824222656
Klhl4,1.6456271075, 0.0, 1.50739941753333, 1.2754003542, 0.0, 0.0, 1.7673362361, 0.0, 1.4742605156, 1.6610936949, 1.643495935, 1.6536906439
Cavin2,1.6424776077, 0.0, 0.0, 0.0, 0.0, 0.0, 1.0047740777, 0.0, 2.5904741536, 0.0, 1.5442407786, 0.0
Ehd3,1.6302952059, 1.94896306595, 0.0, 0.0, 0.0, 0.7457582681, 0.0, 0.7110352924, 0.0, 2.2604275388, 0.0, 1.8768964912500001
Hpgds,1.6213759505, 0.0, 1.00601784780833, 0.0, 0.0, 0.0, 0.0, 0.0, 1.7357599632, 0.0, 1.2429313954, 0.0
Pgr,1.6148852799, 0.0, 0.0, 0.0, 0.0, 0.0, 0.0, 0.2764266071, 2.0081761312, 1.6376687912999999, 1.7706791745, 2.47595784055
Sfrp1,1.607073666, 0.0, 0.0, 0.0, 0.0, 0.0, 0.0, 0.0, 1.2311262629, 1.831671954, 1.6727368298, 1.2747366549999999
Jam2,1.5837487917, 0.0, 0.0, 0.4468749715, 0.0, 0.0, 0.0, 0.5027467261, 0.0, 2.47246412455, 0.0, 2.23076859325
Phf11d,1.5684858493, 0.0, 0.0, 0.0, 0.0, 0.0, 1.2976427447, 0.0, 2.1920303954, 1.720948635, 2.005525943, 1.2016643764
Nupr1,1.5240129539, 0.8449945789, 0.0, 1.2028295946, 0.9233877022, 2.1960100405, 1.579603557, 0.7895693049, 2.7460077953, 3.1337152065, 1.6424933141, 3.1910999217500002
Rassf4,-1.5082036618, 0.0, 0.0, 0.0, 0.0, 0.0, 0.0, 0.0, -1.5561417458, -1.5826873898, -0.7447813761, -1.1879849249499999
Ebi3,-1.5031169058, 0.0, -0.91035234296667, -0.4036160774, -0.2659413177, -0.8563538073, 0.0, 0.0, 0.0, -1.496895799, 0.0, -1.8000444483
Ptprk,1.502226385, 0.0, 1.133472412975, 0.0, 0.0, 0.0, 0.9918921543, 0.2539600556, 2.0216007008, 1.9482730204333334, 2.2218649236, 1.9556651012500001
Mmp14,1.4773619246, 1.761173315, 0.0, 0.0, 0.0, 0.0, 0.0, 0.0, 0.0, 1.7277612256, 0.0, 1.13820249665
Nrk,-1.4257750693, -2.906167156, 0.0, 0.0, 0.0, 0.0, -1.1641096717, 0.0, -1.4237120842, 0.0, -1.5292000286, 0.0
Dhrs3,1.4220217427, 0.0, 0.0, 0.3255135227, 0.0, 1.1080244724, 0.0, 0.7674430375, 1.4990898416, 2.3037493594, 1.1715414654, 0.0
Rorb,1.4058185673, 0.0, 0.0, 0.0, 0.0, 0.0, 0.9058056806, 0.0, 4.4815150392, 2.5594536961, 3.9120618922, 1.6885745181
Lpl,1.4038694688, 2.6065746426, 0.0, 0.0, 0.0, 0.0, 0.0, 0.0, 1.6145178227, 0.0, 1.3312676848, 2.3376349601
Wwtr1,1.3963292557, 6.7211267021, 0.0, 0.0, 0.0, 0.0, 0.9645754701, 0.0, 3.9106670363, 2.18596874755, 2.000249965, 2.2298947299666665
Il1rapl2,1.3908937212, 0.0, 0.0, 0.0, 0.0, 0.0, 0.0, 0.0, 2.3768783561, 0.9985646179, 1.6680933266, 1.3641296325
Fap,1.3889313724, 2.6954116145, 0.0, 0.0, 0.0, 0.0, 0.0, 0.0, 3.3005684339, 3.9895684163, 2.0120861374, 2.815496319
Jun,1.3217589339, 0.0, 0.0, 0.0, 0.54125292, 0.0, 0.0, 0.5830363779, 1.2041694394, 0.0, 0.0, 0.0
Egr1,1.3157208228, 0.0, 0.729313961408332, 1.3277578443, 0.0, 0.0, 0.0, 0.0, 0.0, 0.0, 0.8791407814, 0.0
Enpp5,1.3100872998, 3.1242166676, 0.0, 0.7205668662, 0.0, 0.8920841637, 1.4588786309, 0.5788828157, 1.7128052309, 2.4251415919, 1.7654551074, 0.0
Muc1,1.3045755932, 0.0, 0.0, 0.0, 0.0, 0.0, 0.0, 0.0, 4.8749421765, 3.1912317202, 2.3785493296, 1.7187936098
Id2,1.2709371667, 0.0, 0.0, 1.1027790623, 0.0, 0.0, 0.0, 0.0, 0.0, 1.5837421558, 0.0, 1.3902027813
Vwf,1.2705966495, 0.0, 0.0, 0.0, 0.0, 0.284538469, 0.9396538605, 0.7578124998, 1.8176362948, 2.0451373951, 1.771409558, 2.089372431
Cd38,1.2605053759, 0.0, 0.0, 0.0, 0.0, 0.2652300023, 1.2545003703, 0.3940426148, 1.9330915802, 2.7694661174, 2.0358914966, 2.6790982474
Neo1,1.25983476, 4.3419325384, 0.0, 0.4451011839, 0.0, 0.0, 1.1110015858, 0.0, 1.2585242198, 2.090896943, 1.766811928, 2.46346504865
Bcl6,1.2539522356, 0.0, 0.0, 0.0, 0.0, 0.0, 0.0, 0.0, 0.8897849533, 1.1041342143, 1.0546001376, 0.0
S100a6,1.2463915496, 1.0067753673, 0.0, 0.0, 0.0, 0.0, 0.0, 0.0, 1.0970567388, 0.0, 1.60676905, 0.0
Il12rb2,-1.2399182144, 0.0, -0.783741554233336, 0.0, 0.0, 0.0, 0.0, 0.0, -1.9127153081, 0.0, -1.9132879012, 0.0
Adgrg2,1.2309814252, 0.0, 0.0, 0.0, 0.0, 0.0, 0.8857012089, 0.0, 2.9691421071, 2.6828425645, 1.3982957408, 2.9253242712
Tacstd2,1.2292780296, 1.5731291411, 0.0, 0.0, 0.0, 0.3735777066, 0.0, 0.0, 1.1182462331, 1.5539326573, 0.7397055312, 0.0
Zswim5,1.2203189988, 0.0, 0.0, 0.0, 0.0, 0.0, 0.0, 0.0, 6.0820278678, 1.7314293682, 1.6307904018, 1.4264780967
B3galt1,1.1951184841, 0.0, 0.0, 0.0, 0.0, 0.0, 0.0, 0.0, 2.8666742788, 1.485567048, 1.2774473329, 2.1216057972
Cyyr1,1.191653799, 0.0, 0.0, 0.0, 0.0, 0.0, 0.0, 0.0, 0.0, 1.1976848316, 0.7214325783, 1.5274420292
Mab21l2,1.1638452527, 0.0, 0.0, 0.0, 0.0, 0.0, 2.2376049548, 0.0, 10.4171402694, 2.7492861443, 5.7889542705, 0.0
Casp12,1.1613916587, 0.0, 0.0, 0.0, 0.0, 0.0, 0.0, 0.0, 1.2750823624, 1.0792387749499999, 0.8965190564, 1.1337132347
Kcnip3,1.1540817263, 0.0, 0.0, 0.0, 0.0, 0.2788029121, 0.0, 0.0, 1.3090433128, 0.0, 0.7524896753, 0.0
Mgst1,-1.1332542013, 0.0, 0.0, 0.0, 0.0, -0.4264388355, 0.0, 0.0, -1.1617882686, 0.0, 0.0, -1.0940329175
Hnf4a,-1.1214607369, 0.0, 0.0, 0.0, 0.0, 0.0, 0.0, 0.0, -1.3470357199, -1.1780922846, -1.6342750571, -1.4815826456
Fhl1,1.1091491177, 1.9703424874, 0.0, 0.9138874989, 0.0, 0.451518039, 0.0, 0.0, 1.4923281017, 1.1289653595, 1.0981558009, 1.3825782391
Pcdhb16,1.0993081483, 0.0, 0.0, 0.0, 0.0, 0.0, 0.9403096258, 0.0, 1.683218363, 0.0, 1.551480422, 1.7767952837
Dsg2,1.0928497254, 0.0, 0.0, 0.0, 0.0, 0.0, 0.0, 0.0, 1.8263539891, 1.8866833715000002, 1.8110254281, 2.07773727285
Trim47,1.0701596498, 0.0, 0.0, 0.0, 0.0, 0.4278308161, 0.0, 0.0, 0.0, 1.2997258534, 1.0431059477, 1.2294087157
Zfp36,1.0618055084, 2.6578217048, 0.0, 0.0, 1.3800753961, 1.0001537665, 0.0, 0.0, 0.0, 0.0, 0.0, 0.0
C4b,1.0345760992, 0.0, 0.0, 0.0, 0.0, 0.0, 1.129004912, 0.0, 4.5936998553, 0.0, 2.3900935154, 0.0
Gipc2,1.0277102663, 0.0, 0.0, 0.0, 0.0, 0.0, 0.0, 0.0, 9.734428239, 1.3791625772, 4.7071688796, 2.0427969883
Pros1,1.0168193738, 0.0, 0.0, 0.0, 0.0, 0.2681080539, 0.0, 0.0, 0.9993987295, 1.2010369343, 1.1255624837, 1.2555830555
Matn4,1.0158998486, 0.0, 0.0, 0.0, 0.0, 0.0, 1.0492016712, 0.4436402796, 9.2148821699, 0.0, 2.7551222234, 2.2467317957
Plek,1.0104041588, 1.08867809935, 0.0, 1.6264727439, 0.0, 0.3557995898, 0.0, 0.0, 1.2673150267, 1.79644815405, 0.7538406967, 0.0
Tmem215,1.0046792564, 0.0, 0.0, 0.0, 0.0, 0.0, 1.2973914073, 0.0, 4.9339892832, 2.3989536863, 2.7314656755, 3.5225042036
Csf2rb,-0.9946678482, 0.0, -0.693399762083337, 0.0, 0.0, 0.0, 0.0, 0.0, 0.0, -1.4692838034, 0.0, -1.5960079913
Rhoj,0.985892807, 0.0, 0.0, 0.0, 0.0, 0.0, 0.0, 0.0, 1.072028298, 1.8062623857, 1.2426212393, 1.0382173
Itgb3,0.9727978893, 0.0, 1.349370160825, 0.6499532281, 0.0, 0.0, 1.1363894196, 0.5188731381, 2.0552694542, 1.6329878179, 1.457893731, 1.5307195645
Tmem56,0.95358306, 3.630023083, 0.0, 0.0, 0.0, 0.0, 0.0, 0.0, 0.0, 2.5616350582, 0.702120913, 2.8775672138
Stom,0.9411879794, 2.6370114229, 0.0, 0.0, 0.0, 0.0, 0.8879411032, 0.0, 0.618559649, 0.0, 0.5193191691, 0.0
Lsr,0.9330190409, 0.0, 0.0, 0.0, 0.0, 0.0, 0.0, 0.0, 0.9580779332, 1.155968516, 1.4482904443, 0.0
Ect2,-0.9284182346, -0.6746698917, -0.800846479258338, 0.0, 0.0, 0.0, 0.0, 0.0, 0.0, 0.0, -0.7332877047, 0.0
Cd34,-0.9279874724, 0.0, -0.740462988583333, 0.0, 0.0, -0.6401451153, -1.0975122458, 0.0, 0.0, 0.0, -0.8594924718, 0.0
Cpne8,0.9266096048, 0.0, 0.0, 0.0, 0.0, 0.0, 0.0, 0.4804626594, 1.752087647, 1.4855899197, 1.5039231082, 1.8520224103
Prcp,0.9218875552, 0.0, 0.622744064366664, 0.0, 0.0, 0.0, 0.0, 0.0, 0.8426098915, 0.9994719447, 1.1475761997, 1.0305132221
Fyb,0.9091745234, 0.0, 1.18101988557499, 0.0, 0.0, 0.3037296953, 0.0, 0.0, 0.0, 0.9518512818, 0.0, 0.0
Abcb1a,0.8925283238, 0.0, 0.0, 0.0, 0.0, 0.0, 0.0, 0.0, 1.6476688014, 1.3084815650500001, 0.7407395395, 1.71173752905
Pbx3,0.8792661638, 1.8825587684, 0.0, 0.5879007042, 0.0, 0.0, 0.9580077457, 0.0, 1.2159614139, 1.0454475314, 1.1656259867, 1.1023922046
Myo1e,0.8635102721, 0.0, 0.0, 0.0, 0.0, 0.0, 0.0, 0.0, 1.8953759052, 0.8527500002, 1.0022340009, 0.0
Zfp334,0.8586774585, 0.0, 0.0, 0.0, 0.0, 0.0, 0.0, 0.0, 1.8759076606, 1.164026378, 1.4449658101, 0.0
Serpinb6a,0.8453969943, 0.0, 0.0, 0.0, 0.0, 0.0, 0.0, 0.0, 0.6519970779, 1.0153352757, 0.8895301382, 1.0537088067
Serpinb8,0.8383654598, 0.0, 0.0, 0.0, 0.0, 0.0, 0.0, 0.0, 1.2968158764, 1.3173790015, 0.5057419571, 0.0
Cxcl16,0.8280931368, 0.0, 0.0, 0.0, 0.0, 0.0, 0.0, 0.0, 0.0, 0.6014983346, 1.0209030822, 1.3358705548
Ppp1r16b,0.8247532965, 0.0, 0.0, 0.0, 0.0, 0.0, 0.0, 0.3013554348, 0.8943395218, 0.0, 0.7847159147, 0.0
Il15,-0.8096042617, 0.0, 0.0, 0.0, 0.0, -0.5430560961, 0.0, 0.0, -0.7085967249, 0.0, -0.7724538007, -0.8982516634
Tm6sf1,-0.8010116832, 0.0, 0.0, 0.0, 0.0, 0.0, 0.0, 0.0, -1.2354604645, -1.5095889509, -0.779655498, -0.8051808097
Rbpjl,0.7978073212, 0.0, 0.0, 0.0, 0.0, 0.0, 1.3916092404, 0.0, 8.9645694621, 0.0, 2.6512501929, 0.0
Rnase6,-0.7923277324, 0.0, -1.15496195666667, 0.0, 0.0, -0.5259276793, 0.0, 0.0, 0.0, -1.3137151427, 0.0, -1.8212467322
Nckap1,0.7791596301, 0.0, 0.0, 0.0, 0.0, 0.0, 0.0, 0.0, 0.0, 1.2862582474, 0.867665631, 0.9675705769
Clec1b,0.7716645984, 2.6069432651, 0.0, 0.0, 0.0, 0.0, 0.0, 0.0, 0.0, 1.4181645611, 0.9804325365, 0.0
Slc6a15,0.7619590291, 3.4975581006, 0.0, 0.0, 0.0, 0.0, 0.0, 0.0, 0.541165742, 0.0, 0.6650841313, 0.0
Pclo,0.7238907824, 2.418967766, 0.0, 0.0, 0.0, 0.0, 0.0, 0.0, 0.0, 2.2436324305, 0.0, 2.5971267966
Stxbp4,0.7235096234, 0.0, 0.0, 0.0, 0.0, 0.0, 0.0, 0.0, 1.2843233654, 1.3450927727500002, 0.6233512936, 1.1136450138
Cd86,-0.7217341768, 0.0, -1.37377948323334, 0.0, 0.0, 0.0, 0.0, 0.0, -1.5191191968, -1.5965210149, -1.7758288207, -1.3677652141
Cd37,-0.7188905753, -3.0410171156, -0.684583071616668, 0.0, 0.0, -0.4908951667, 0.0, 0.0, -0.6863547859, 0.0, -1.069109062, -0.9289088616
Abca4,0.7169310254, 0.0, 0.0, 0.0, 0.3360827114, 0.0, 0.8285224556, 0.0, 2.5110186125, 2.4725151876, 1.6250882603, 1.6440974853
Mmp2,-0.7106074313, -3.99846686265, 0.0, 0.0, 0.0, 0.0, 0.0, 0.0, -1.5871926163, 0.0, -1.5272331478, -1.73826379825
Arhgap29,0.7097074236, 0.0, 0.0, 0.0, 0.0, 0.0, 0.0, 0.0, 0.8107649811, 1.3229887576, 1.0437029266, 1.0356471153
Lsp1,-0.7043316966, 0.0, 0.0, 0.0, 0.0, -0.6133604625, 0.0, 0.0, -0.4837287677, 0.0, -0.3998405369, 0.0
Arhgap30,-0.6970406304, 0.0, 0.0, 0.0, 0.0, 0.0, 0.0, 0.0, -0.5031177562, -1.38284727, -1.0573503963, -1.005211433
Slc28a2,-0.692715825, 0.0, 0.0, 0.0, 0.0, -0.2982741165, 0.0, 0.0, -0.6448263465, 0.0, -0.8397034891, 0.0
Arhgef28,0.6912001394, 0.0, 0.90039719195833, 0.0, 0.0, 0.0, 0.0, 0.0, 0.0, 0.9844613676999999, 0.0, 1.1732310991
Slamf1,0.6584869767, 0.0, 0.0, 0.0, 0.0, 0.0, 0.0, 0.0, 1.0239132311, 1.0800487712, 0.9972205941, 0.8820146034
Phactr1,0.6568645362, 0.0, 0.0, 0.0, 0.0, 0.2938717902, 0.0, 0.0, 0.0, 1.7721542095, 0.0, 0.0
Npdc1,0.6553677807, 0.0, 0.0, 0.0, 0.0, 0.3728385986, 0.0, 0.0, 1.4091624617, 0.7175837068, 0.7821723312, 0.0
Tnfsf10,0.6546003648, 0.0, 0.0, 0.0, 0.0, 0.0, 0.0, 0.0, 0.567190951, 0.0, 0.9274317987, 0.8822281911
Ndrg1,0.6465034444, 1.3605917864333332, 0.0, 0.5113995635, 0.0, 0.0, 0.0, 0.0, 0.0, 0.9701151052333333, 0.0, 0.73398365935
Cd9,0.6414437931, 2.2237115403, 0.0, 0.0, 0.0, 0.0, 0.0, 0.0, 0.7537027878, 0.0, 0.5471423587, 0.0
Pla2g4a,0.632782084, 1.5372704033, 0.0, 0.0, 0.0, 0.0, 0.0, 0.0, 0.6422258736, 0.0, 0.4475567467, 0.0
Abat,0.5987241129, 0.0, 0.0, 0.0, 0.0, 0.0, 0.0, 0.0, 2.7404109815, 1.7596914613, 1.3776273635, 1.8606733092
Col4a2,-0.5819152328, 0.0, 0.0, 0.0, 0.0, 0.0, 0.0, 0.0, -1.2215729601, 0.0, -1.1325427761, -1.0865925186
Abcb1b,0.5710012587, 0.0, 0.0, 0.0, 0.0, 0.0, 0.0, 0.0, 0.8177557232, 1.252703384, 0.5267033356, 1.1294681773
Dhx40,0.5636557927, 0.0, 0.0, 0.0, 0.0, 0.0, 0.0, 0.0, 1.3335292286, 0.0, 0.826659159, 1.0286780672
Dennd5b,0.5618404843, 0.0, 0.0, 0.0, 0.0, 0.0, 0.0, 0.0, 0.9304632933, 1.9939239544, 0.6892704857, 1.4927344578
Evc,0.5363473574, 0.0, 0.0, 0.0, 0.0, 0.0, 0.0, 0.0, 1.1685953841, 0.0, 0.8033431052, 0.9770756079
Trpc6,0.4854405363, 0.0, 0.0, 0.0, 0.0, 0.0, 0.0, 0.0, 0.4456798912, 0.6781905583, 0.5750145708, 0.0
Tsc22d1,0.4761904615, 0.11382020416666656, 0.0, 0.0, 0.0, 0.4998557354, 0.0, 0.0, 0.9125764879, 0.0, 0.6946051887, 0.0
Sult1a1,0.0, 3.7880321143, 0.0, 1.4446321878, 0.0, 1.7159414442, 0.0, 1.1257416267, 0.0, 2.8481873983, 0.0, 2.0188866987
Slc14a1,0.0, 2.0403074406, 0.697427719908328, 0.0, 0.0, 0.0, 0.0, 0.0, 0.6509811912, 0.0, 0.4469087509, 0.0
Anxa6,0.0, -3.8807249587, 0.0, 0.0, 0.0, -0.4286156366, 0.0, 0.0, -1.412204354, 0.0, -1.0487629282, -1.05639125195
Sdpr,0.0, 4.7450359524, 0.0, 1.3590726067, 0.0, 0.4650856756, 0.0, 0.3821540255, 0.0, 2.374700145533333, 0.0, 1.955498965033333
Ghr,0.0, 2.1754744276, 0.0, 0.0, 0.0, 0.0, 0.0, 0.0, 0.9849678201, 1.2245988529, 1.0769061406, 1.3548150291
Lgals1,0.0, -3.6475984318, -1.48684689528334, 0.0, 0.0, 0.0, 0.0, 0.0, 0.0, -1.98749289055, 0.0, -1.40384468975
Mef2c,0.0, 1.4423681264, 0.60996027781666, 0.0, 0.0, 0.0, 0.0, 0.0, 0.4193222998, 0.9633944586000001, 0.5878021373, 0.0
Cytip,0.0, 1.8723759763, 0.0, 0.0, 0.0, 0.0, 0.0, 0.0, 0.8267959627, 1.0253719705, 1.0011113865, 0.7520230432
Efna1,0.0, 1.6112084366, 0.0, 0.0, 0.0, 0.5907907925, 0.0, 0.0, 1.4519566789, 0.5998885412, 1.0213190245, 0.9493140434
Ndn,0.0, 0.7978955625333333, 0.0, 0.0, 0.0, 0.0, 0.0, 0.0, 0.771888284, 0.0, 0.8747148427, 0.7006104939
,0.0, -1.6456106604590908, -0.618485425141668, 0.0, 0.0, 0.0, 0.0, 0.0, 0.0, 0.20389906481428582, 0.0, 0.8303698225562501
Satb1,0.0, -1.3371577624, -0.948882525750002, -0.4835062938, 0.0, 0.0, 0.0, 0.0, -1.378937256, 0.0, -1.1369586357, -2.0064053481
Sell,0.0, 1.0218645874, -1.09082765653333, -0.3702909864, 0.0, 0.0, 0.0, 0.0, 0.0, -1.8857765950999998, 0.0, 0.0
Klrb1b,0.0, -0.5095661494, 0.0, 0.0, 0.0, 0.6828865088, 0.0, 0.0, 0.0, 0.0, 1.9500483499, 0.0
Plscr1,0.0, 1.3377934581500002, 0.0, 0.0, 0.0, 0.0, 0.8979035646, 0.574496069, 1.0918935491, 1.13014548845, 0.882167166, 0.0
Tm4sf1,0.0, 3.9126206755, 0.0, 0.0, 0.0, 0.2751157552, 1.4182466444, 0.4049255222, 4.2294468274, 3.3329366197, 2.6214102234, 3.497414034
Mllt3,0.0, 2.186890075, 0.0, 0.0, 0.0, 0.0, 0.0, 0.0, 0.0, 0.6746782169, 0.5790219563, 0.9916927002
Mcm7,0.0, -2.1177720623500003, -0.687330570700004, 0.0, 0.0, -0.6089664108, 0.0, 0.0, 0.0, -0.6998799995, -0.4719067505, 0.0
Gstm7,0.0, 1.0023854975, 0.0, 0.0, 0.0, -0.2513598938, 0.0, 0.0, 1.0301489234, 0.0, 0.931635042, 0.0
Alcam,0.0, 2.58737823445, 1.30371439937916, 0.0, 0.0, 0.0, 1.2382464975, 0.3187260456, 1.2063203063, 1.530448601125, 1.4538826547, 1.5408075077666668
Perp,0.0, 2.8773810273, 0.0, 0.0, 0.0, 0.0, 0.0, 0.0, 1.3668136896, 1.6117223067, 1.7083910029, 1.7862786084
Anxa2,0.0, -0.8728777674, -1.00059944449167, 0.0, 0.0, -0.4705228737, 0.0, 0.0, -0.710140156, 0.0, 0.0, 0.0
Thbd,0.0, 1.7804019404, 0.0, 0.0, 0.0, 0.0, 0.0, 0.0, 1.4993421948, 0.9603834787, 0.843667042, 1.2543653208
Oxr1,0.0, 1.27846194, 0.0, 0.0, 0.0, 0.5650202259, 0.0, 0.0, 0.0, 1.3241114231, 0.0, 1.210012099
Gstm1,0.0, 0.7266871135, 0.0, 0.8396888241, 0.0, 0.0, 0.0, 0.0, 0.5301227544, 0.0, 0.684383755, 0.0
Lamp2,0.0, 2.6069178751, 0.0, 0.0, 0.0, 0.0, 0.0, 0.0, 0.6135927265, 0.82261479455, 0.9888436052, 0.7161448176
Dnmt3b,0.0, -1.9889898379, 0.0, 0.0, 0.0, 0.0, 0.0, 0.0, -0.7559176256, -1.0583073911, -0.5812056199, 0.0
Cntn1,0.0, 2.3454013386, 0.0, 0.0, 0.0, 0.0, 0.0, 0.0, 9.5582669666, 2.7701100368, 3.0835573808, 2.4678104652
Btg2,0.0, -2.6144239528, 0.0, 2.1310988995, 1.7871709108, 0.5115632364, 0.0, 0.0, 0.0, 0.0, 0.0, 0.0
Ctss,0.0, 1.4825090429, -1.48982933516667, 0.0, 0.0, 0.0, 0.0, 0.0, -0.9164153672, -1.793884127, 0.0, 0.0
Acsl4,0.0, 1.7787592595, 0.0, 0.0, 0.0, 0.0, 0.0, 0.0, 0.4266947848, 1.0929495193, 0.4970320334, 0.0
Muc13,0.0, 0.7795335813, 0.592644506333327, 0.0, 0.0, 0.0, 0.0, 0.0, 0.4652894833, 0.65854236975, 0.0, 0.0
Cyb561,0.0, 3.045017638, 0.0, 0.0, 0.0, 0.0, 0.0, 0.0, 2.6967878145, 1.7530671354, 1.0453298447, 1.6392377002
Socs2,0.0, 0.0, -1.67289741101667, -0.6813394198, 0.0, 0.0, 0.0, 0.0, -1.8254172549, 0.0, -1.4887642315, 0.0
Mamdc2,0.0, 0.0, -1.11722637108334, 0.0, 0.0, -0.5133674617, 0.0, 0.0, 0.0, -0.811970395, 0.0, -0.8149997931
Gda,0.0, 0.0, 1.283180305875, 0.0, 0.0, 0.0, 0.0, 0.7030035224, 0.0, 2.6117299179000004, 0.0, 1.8010349547
Mlec,0.0, 0.0, -0.667645177008341, -0.7183619955, 0.0, 0.0, 0.0, 0.0, -0.5266646281, -0.7718668677333334, 0.0, 0.0
Plscr4,0.0, 0.0, 0.791520881049997, 0.0, 0.0, 0.0, 0.0, 0.0, 0.5974814318, 0.9969508145, 0.6699940923, 0.0
Sema7a,0.0, 0.0, 0.951749017683332, 0.0, 0.0, 0.0, 0.0, 0.0, 0.0, 1.0927425259, 0.7887112567, 0.8889184238
Plac8,0.0, 0.0, -1.62978191555834, 0.0, 0.0, -0.6385565491, 0.0, -0.3095498458, -2.2111738321, 0.0, 0.0, -2.0339490102
Plxdc2,0.0, 0.0, -0.693476037883338, 0.0, 0.0, 0.0, 0.0, 0.0, -1.4496055349, -1.2066679043, -0.7540245136, 0.0
Rfc2,0.0, 0.0, -0.780001127008338, 0.0, 0.0, -0.5590018106, 0.0, 0.0, 0.0, -0.6306166771, -0.597690975, 0.0
Gadd45g,0.0, 0.0, 0.0, 0.4134458813, 0.0, 0.4620932923, 0.0, 0.0, 2.2859967583, 2.6754834764, 1.1979369801, 2.2606221485
Art4,0.0, 0.0, 0.0, 0.5821705776, 0.0, 0.0, 0.0, 0.0, 0.7081101496, 1.5571939557, 0.8276805717, 0.0
Cyp26b1,0.0, 0.0, 0.0, 0.5820757983, 0.0, 0.0, 1.3385197765, 0.2945843792, 1.6231545928, 0.0, 1.7213170532, 0.0
Exoc6b,0.0, 0.0, 0.0, 0.3924025091, 0.0, 0.0, 0.0, 0.6216854621, 0.0, 1.2387637704, 1.0561274842, 0.0
Mcm5,0.0, 0.0, 0.0, -0.3800735055, 0.0, -0.6031808779, 0.0, 0.0, 0.0, -1.02109545555, -0.5530446624, 0.0
Tgm2,0.0, 0.0, 0.0, 0.8597698548, 0.0, 0.6272327124, 0.0, 0.7508887213, 0.9418230142, 1.04492310994, 0.7812573427, 0.0
Lst1,0.0, 0.0, 0.0, 0.0, -0.6216542142, 0.0, 0.0, 0.0, -1.3872586309, -0.8973550954, -0.6827907159, -1.0999447752
Prtn3,0.0, 0.0, 0.0, 0.0, 0.0, 1.2350468192, 0.0, 0.6779697711, 0.8271837356, 1.3080026208, 0.9910703888, 0.840102205
Gpx3,0.0, 0.0, 0.0, 0.0, 0.0, 0.5836506416, 0.0, 0.2878818768, 1.9022427004, 0.0, 1.014272636, 0.0
Rorc,0.0, 0.0, 0.0, 0.0, 0.0, 0.3649052105, 0.0, 0.5650224664, 2.0069121089, 1.1175287077, 1.6463435548, 1.4008780843
Nrg4,0.0, 0.0, 0.0, 0.0, 0.0, 0.2521410908, 0.0, 0.0, 1.2668145036, 1.7155516237000001, 1.3308767653, 1.7351484148
Tox,0.0, 0.0, 0.0, 0.0, 0.0, 0.5002741181, 0.0, 0.0, 0.7860469775, 1.28986691035, 0.8838221992, 0.0
Ly6e,0.0, 0.0, 0.0, 0.0, 0.0, 0.4897860919, 0.0, 0.0, 0.3883697331, 0.5815333032, 0.6124970719, 0.0
Tmem176a,0.0, 0.0, 0.0, 0.0, 0.0, 0.5309406043, 0.0, 0.6639347549, 0.5621268704, 0.6462595388, 0.7223736642, 0.0
Mmrn1,0.0, 0.0, 0.0, 0.0, 0.0, 0.4340373728, 0.0, 0.0, 0.5753326738, 0.8912051611, 0.7279989158, 0.0
Cd63,0.0, 0.0, 0.0, 0.0, 0.0, 0.3893650779, 0.0, 0.4802078773, 0.4242411121, 0.0, 0.5396034783, 0.0
Lpar6,0.0, 0.0, 0.0, 0.0, 0.0, 0.3276185809, 0.0, 0.2757615146, 0.0, 1.4296863465, 1.1305167018, 1.0848962047
Tc2n,0.0, 0.0, 0.0, 0.0, 0.0, 0.0, 1.3753995384, 0.0, 3.508899441, 2.5896349523, 3.042865145, 2.9549858098
Vldlr,0.0, 0.0, 0.0, 0.0, 0.0, 0.0, 1.6324696599, 0.0, 1.1456987265, 1.6742696483333335, 1.0398538594, 1.2295320107666667
Rdh10,0.0, 0.0, 0.0, 0.0, 0.0, 0.0, 1.1327585283, 0.0, 0.0, 1.40440229425, 1.2660262818, 1.01815826475
Amotl2,0.0, 0.0, 0.0, 0.0, 0.0, 0.0, 0.9131829116, 0.0, 2.7665916591, 0.0, 1.4661165288, 1.510113276
Plcl1,0.0, 0.0, 0.0, 0.0, 0.0, 0.0, 0.8080432452, 0.0, 0.0, 2.3246340173, 1.2504552873, 1.5005555802
Ptger4,0.0, 0.0, 0.0, 0.0, 0.0, 0.0, 1.1132925486, 0.0, 0.0, 1.48687690955, 1.1046621264, 1.1426485044499999
Maf,0.0, 0.0, 0.0, 0.0, 0.0, 0.0, 1.1799329082, 0.0, 3.14482094, 0.0, 1.5858254103, 1.7341582901
Vmp1,0.0, 0.0, 0.0, 0.0, 0.0, 0.0, 0.0, 0.7207004349, 0.0, 1.3394172533, 1.0454423214, 1.0453954629
Procr,0.0, 0.0, 0.0, 0.0, 0.0, 0.0, 0.0, 0.4704741336, 0.5932819609, 0.7715388808, 0.660624792, 0.6665369472
Runx1t1,0.0, 0.0, 0.0, 0.0, 0.0, 0.0, 0.0, 0.3544976378, 1.1314254074, 1.6394971344, 1.1688820456, 1.9700056306333333
Rab34,0.0, 0.0, 0.0, 0.0, 0.0, 0.0, 0.0, 0.0, 1.8426288558, 0.8086871376, 0.7309904047, 1.3417895302
Tbc1d8,0.0, 0.0, 0.0, 0.0, 0.0, 0.0, 0.0, 0.0, 0.6595112704, 1.2839948961, 0.786795026, 1.1175102482
Ddr1,0.0, 0.0, 0.0, 0.0, 0.0, 0.0, 0.0, 0.0, 2.4858400318, 1.8795433780500002, 1.5397960135, 1.3238796153
Ampd3,0.0, 0.0, 0.0, 0.0, 0.0, 0.0, 0.0, 0.0, 0.9965104839, 1.3211588964, 0.8488180388, 1.3905268497
Syk,0.0, 0.0, 0.0, 0.0, 0.0, 0.0, 0.0, 0.0, -0.5784669694, -0.7984435667, -0.8107728933, -0.8547767021
Ocln,0.0, 0.0, 0.0, 0.0, 0.0, 0.0, 0.0, 0.0, 0.9769798081, 1.6692675102, 1.5165389378, 1.0925904137
Rgn,0.0, 0.0, 0.0, 0.0, 0.0, 0.0, 0.0, 0.0, 3.375925439, 2.3900865222, 2.2173613231, 2.0386766568
Meis2,0.0, 0.0, 0.0, 0.0, 0.0, 0.0, 0.0, 0.0, 2.0160028969, 1.9840084213, 1.1881767638, 1.959249996
Gabra4,0.0, 0.0, 0.0, 0.0, 0.0, 0.0, 0.0, 0.0, 5.279824715, 3.1250227353, 4.8422367099, 2.8884591256
Antxr2,0.0, 0.0, 0.0, 0.0, 0.0, 0.0, 0.0, 0.0, -0.7176780236, -0.9174399002, -0.658171421, -0.9810107473
Nt5c3,0.0, 0.0, 0.0, 0.0, 0.0, 0.0, 0.0, 0.0, 0.6006711576, 0.7657853997, 0.7699864364, 0.7198186751
Chrna7,0.0, 0.0, 0.0, 0.0, 0.0, 0.0, 0.0, 0.0, 4.189301161, 1.9610452641, 2.2445063393, 1.7164435071
Ldhd,0.0, 0.0, 0.0, 0.0, 0.0, 0.0, 0.0, 0.0, 1.4058715051, 1.59888608635, 0.9441393453, 0.97707765415
Pdgfd,0.0, 0.0, 0.0, 0.0, 0.0, 0.0, 0.0, 0.0, 0.7415437479, 1.1910856076, 0.9538082553, 1.165718559
Acpp,0.0, 0.0, 0.0, 0.0, 0.0, 0.0, 0.0, 0.0, 1.3850554967, 2.2847965395, 1.6189609609, 1.2195433995
Lrrn1,0.0, 0.0, 0.0, 0.0, 0.0, 0.0, 0.0, 0.0, 6.0632026386, 1.5732138785, 2.1249741905, 1.8103170968
Camk1d,0.0, 0.0, 0.0, 0.0, 0.0, 0.0, 0.0, 0.0, -1.6290715311, -2.1728945693, -1.0489588117, -1.9205161835
Asb4,0.0, 0.0, 0.0, 0.0, 0.0, 0.0, 0.0, 0.0, 1.4888054692, 1.5073410037, 1.7004382841, 1.6532002931
Cldn12,0.0, 0.0, 0.0, 0.0, 0.0, 0.0, 0.0, 0.0, 0.4893753561, 0.6121402416, 0.7544174043, 0.7204396464
Ntf3,0.0, 0.0, 0.0, 0.0, 0.0, 0.0, 0.0, 0.0, 9.0159571429, 3.0432636244, 3.8951962956, 2.7419500373
Cd200r4,0.0, 0.0, 0.0, 0.0, 0.0, 0.0, 0.0, 0.0, 2.3636070477, 0.933058463, 1.3379061706, 1.857802733
Kdr,0.0, 0.0, 0.0, 0.0, 0.0, 0.0, 0.0, 0.0, 2.1626306999, 1.3896781044, 1.4761467612, 1.4418349673
Prnp,0.0, 0.0, 0.0, 0.0, 0.0, 0.0, 0.0, 0.0, 0.6855586315, 1.0009558236, 0.8715292984, 0.8154462684
