Genes,Bersenev,Chambers,Flach,Grover,Kirshner,Kowalczyk,Lazare,Mann,Maryanovich,Norddahl,Sun,Wahlestedt,Avg
Mt2,8.50E-05,0.034071088,0.166821219,NA,0.306750864,0.264040236,0.00292589,NA,9.08E-12,0.010541582,0.007071043,0.000216416,7.93E-02
Plscr2,3.32E-05,0.021451069,0.062780793,1.94E-09,1,0.770392991,0.00010369,7.21E-06,3.57E-117,0.000356873,1.20E-65,0.000144158,1.55E-01
Selp,0.000283649,0.019383986,0.032532669,5.78E-09,0.015120586,0.993494677,1.28E-10,1.01E-11,1.27E-81,0.005938087,3.15E-58,0.000188135,8.89E-02
Clca3a1,1.63E-05,0.071918571,0.043975305,NA,0.000312977,NA,4.20E-08,NA,3.70E-50,0.000636737,6.83E-54,0.000764249,1.31E-02
Bmpr1a,6.08E-05,0.121755257,0.203881348,0.000386841,NA,NA,NA,NA,NA,0.141721344,NA,0.241157391,1.18E-01
Klrb1c,0.001294356,NA,0.135595074,0.359141996,1,NA,3.48E-07,0.008932028,2.78E-10,NA,8.77E-43,NA,1.88E-01
Zg16,0.000704497,0.031475267,0.030225304,1,1,NA,0.000108,NA,1.18E-14,0.004137468,9.15E-40,0.00214993,2.07E-01
Mt1,4.83E-05,0.135571772,0.121162223,5.05E-12,2.03E-06,1.309815765,3.84E-06,0.000228939,4.93E-53,0.06489073,1.23E-15,0.41296787,1.70E-01
Sbspon,0.028663863,NA,0.039189281,1,0.168404003,NA,3.48E-07,0.000276634,7.64E-28,0.001513654,3.80E-54,0.00064545,1.24E-01
Aspa,1.63E-05,0.076575424,0.817063446,NA,NA,NA,0.9244213,NA,4.83E-26,0.011899614,1.31E-15,0.004256007,2.29E-01
Trpc1,5.89E-05,0.481702545,0.035675016,NA,NA,NA,0.00052285,NA,0.001040302,0.083792141,2.75E-48,0.170872797,9.67E-02
Ramp2,0.031444118,0.072718127,0.342708701,NA,1,NA,1.62E-12,0.098485919,0.000187237,0.001801557,1.89E-47,0.001289957,1.55E-01
Clec1a,0.003364561,NA,0.017649036,5.01E-05,1,0.688183272,0.014965369,1.96E-09,1.40E-21,0.007329684,1.77E-23,0.00454523,1.58E-01
Gstm2,0.001033149,0.01220781,0.532331434,0.001595325,NA,0.400013547,0.001897776,NA,8.87E-22,0.007910223,1.45E-52,0.000680918,9.58E-02
Osmr,0.011655152,0.421290456,0.087629721,1,NA,NA,9.94E-10,1,1.32E-23,0.617796693,2.38E-53,0.511295702,3.65E-01
Clu,9.85E-05,0.039261325,0.27123247,1.50E-05,1,1.362489012,NA,0.173616064,NA,0.002938986,NA,0.00160344,3.17E-01
Gem,0.039283867,0.100618893,0.687497653,1,1,0.552009643,1.04E-06,NA,0.000875181,0.078835943,2.25E-17,0.391141794,3.50E-01
Tdrd9,5.89E-05,NA,0.007145957,NA,NA,NA,0.00267468,NA,4.61E-30,0.001801557,8.22E-84,0.000155863,1.69E-03
Cysltr2,6.08E-05,0.21143842,0.026727785,0.188170838,0.049893664,NA,NA,NA,NA,0.008940253,NA,0.001289957,6.95E-02
Gpr183,0.006788341,NA,0.002625577,3.80E-06,0.000578951,0.290168441,NA,0.014127294,NA,0.000728339,NA,0.000410972,3.94E-02
Aldh1a1,1.63E-05,0.02063962,0.199437523,1.61E-08,NA,0.573306594,NA,1.14E-05,NA,0.001801557,NA,0.001289957,9.96E-02
Tmem47,0.016079048,0.062209623,0.032532669,1,NA,NA,0.648480345,NA,1.56E-13,0.16726208,3.50E-21,0.104349572,2.26E-01
Fhdc1,0.003364561,0.074995421,0.06312142,NA,NA,NA,0.014965369,NA,1.19E-24,0.236115137,9.46E-11,0.021974774,5.18E-02
Gm10419,0.000110881,NA,NA,NA,NA,0.321459392,1.69E-05,NA,4.55E-55,0.012725723,8.12E-22,0.003420329,4.82E-02
Flt3,0.000110881,0.134697178,0.05351459,6.73E-05,NA,NA,0.001333902,NA,0.151426689,0.293091451,3.05E-20,0.074063525,7.87E-02
Dnm3,0.039544119,0.867120976,0.163302744,0.042256623,NA,NA,0.001897776,NA,1.88E-06,0.612876175,3.54E-34,0.517758666,2.49E-01
Klhl4,0.004517309,NA,0.011725608,1.55E-10,1,NA,1.97E-07,NA,1.84E-24,0.059386033,1.82E-17,0.0689817,1.27E-01
Cavin2,0.00016436,NA,NA,NA,1,NA,0.016501552,NA,2.48E-45,NA,3.50E-21,NA,2.03E-01
Ehd3,0.000558013,0.038872508,0.099585984,0.831089996,1,0.745758268,NA,0.0001,NA,0.03931635,NA,0.002836233,3.06E-01
Hpgds,0.00540892,0.406694407,0.045215437,1,NA,NA,0.128577366,NA,2.99E-09,0.331658035,1.65E-08,0.102911319,2.24E-01
Pgr,0.018847577,0.981102743,0.186798959,NA,NA,NA,0.077706293,0.019641728,8.29E-07,0.208303218,1.76E-27,0.122150121,1.79E-01
Sfrp1,0.002338647,0.633290578,0.55477079,1,NA,NA,0.252316601,NA,0.043503011,0.256998396,5.34E-22,0.356935155,3.44E-01
Jam2,0.012171742,0.389269499,0.467582787,0.020428737,NA,0.314092636,NA,0.01682546,NA,0.243523649,NA,0.4246849,2.36E-01
Phf11d,0.012055453,NA,0.35888329,1,NA,NA,0.026054805,NA,2.41E-10,0.012268896,2.49E-26,0.013923052,1.78E-01
Nupr1,0.002765425,0.0415793,0.094041616,1.14E-11,5.46E-05,2.196010041,7.89E-06,7.17E-13,3.77E-27,0.000912845,1.80E-24,0.000253479,1.95E-01
Rassf4,0.00212007,NA,0.179559225,NA,NA,NA,0.09336746,NA,2.23E-06,0.380849707,0.000100039,0.195709449,1.22E-01
Ebi3,0.025041374,0.132889658,0.010833696,0.00547546,5.45E-05,-0.856353807,NA,NA,NA,0.029242887,NA,0.00404889,-8.11E-02
Ptprk,0.012262643,0.343326464,0.040834049,NA,1,NA,0.021187201,0.000196765,1.56E-07,0.495070289,1.24E-35,0.59627369,2.51E-01
Mmp14,0.000668897,0.282642835,0.196360551,NA,NA,NA,NA,NA,NA,0.45480613,NA,0.348653366,2.57E-01
Nrk,0.004659101,0.300950629,0.056054482,NA,1,NA,0.014965369,NA,0.009212653,0.514908484,3.68E-17,0.403440655,2.56E-01
Dhrs3,0.000715522,0.218742691,0.420790621,0.00861787,1,1.108024472,0.588267845,7.10E-05,0.000318319,0.008277004,2.29E-09,0.139497984,2.91E-01
Rorb,0.000567048,0.809115436,0.185166954,1,1,NA,0.04052793,0.050879366,1.24E-15,0.101001362,1.89E-50,0.391068206,3.25E-01
Lpl,0.011138267,0.470347456,0.124591036,NA,NA,NA,0.88067411,NA,1.94E-07,0.345817291,1.11E-14,0.045007806,2.35E-01
Wwtr1,0.006044647,0.067557775,0.204173734,NA,0.555733723,NA,0.003452713,NA,9.38E-42,0.049446281,3.59E-29,0.005142401,9.91E-02
Il1rapl2,0.004790288,0.57542211,0.315062076,NA,1,NA,0.508910478,NA,5.82E-08,0.170838728,1.02E-12,0.16683702,3.05E-01
Fap,0.021051369,0.019717319,0.080471817,NA,NA,NA,0.575413761,NA,1.07E-07,0.002539236,1.70E-24,0.018145788,8.97E-02
Jun,0.021051369,0.290930779,0.439366652,1,0.000554305,NA,0.994455917,2.63E-05,0.041066584,0.927510406,0.249350354,0.869305358,4.39E-01
Egr1,0.015448806,0.135273933,0.048039112,3.28E-07,1,NA,0.997572655,NA,0.073430723,0.713056892,0.030680714,0.88905174,3.90E-01
Enpp5,0.001594695,0.013955513,0.125411988,1.72E-06,NA,0.892084164,3.84E-06,0.033412758,1.37E-30,0.0025344,1.27E-22,0.09234014,1.06E-01
Muc1,0.002136277,0.135012002,0.420456144,0.212841507,0.306750864,NA,0.29603703,NA,4.25E-19,0.023494341,1.95E-19,0.007032286,1.40E-01
Id2,0.034205776,0.334086479,0.992613976,2.23E-05,NA,NA,NA,NA,NA,0.37177774,NA,0.318059294,3.42E-01
Vwf,0.00066465,0.395954752,0.056503819,1,1,0.284538469,0.016501552,1.30E-06,8.32E-25,0.032075409,9.41E-18,0.003420329,2.32E-01
Cd38,0.048347047,0.530086934,0.822391394,1,NA,0.265230002,0.000228199,0.019515433,1.26E-16,0.056675972,6.29E-22,0.040049091,2.53E-01
Neo1,0.02925126,0.018235588,0.52122367,0.001322126,NA,NA,0.001406163,NA,0.002404115,0.320097514,1.18E-30,0.243854252,1.26E-01
Bcl6,0.020034487,0.272044543,0.340314903,NA,NA,NA,0.359289753,NA,0.034822385,0.502503686,1.39E-07,0.555443058,2.61E-01
S100a6,0.001033149,0.028031713,0.893906166,0.062874392,NA,0.264935669,0.731830414,NA,1.95E-06,0.293901603,4.20E-13,0.212260163,2.49E-01
Il12rb2,0.007776162,0.913426332,0.040834049,NA,NA,NA,0.701304996,NA,5.07E-05,0.952425899,1.99E-15,0.746741871,4.20E-01
Adgrg2,0.001030604,NA,0.165750476,NA,1,NA,0.041738295,NA,7.25E-27,0.263130495,2.77E-15,0.488274199,2.45E-01
Tacstd2,0.001400781,0.037415323,0.538472871,1,0.306750864,0.373577707,0.928069826,NA,8.24E-05,0.040339785,3.57E-05,0.452667079,3.34E-01
Zswim5,0.002136277,NA,NA,NA,NA,NA,0.997572655,NA,4.56E-05,0.463259799,7.01E-15,0.490676686,3.26E-01
B3galt1,0.000715522,0.850274273,0.77655752,NA,NA,NA,0.872150585,NA,0.000905946,0.186866228,3.24E-09,0.367407897,3.82E-01
Cyyr1,0.007914198,0.930766131,0.301764797,NA,1,NA,0.134893553,NA,0.745402939,0.385466987,0.000635724,0.338262149,4.27E-01
Mab21l2,0.03500022,0.140011068,0.06440078,NA,NA,NA,0.000818412,0.132105734,9.14E-17,0.001971372,1.71E-72,0.367768939,8.25E-02
Casp12,0.002136277,0.185722252,0.753450933,1,NA,0.358689357,0.272390322,NA,3.71E-09,0.016971402,2.16E-09,0.013176746,2.60E-01
Kcnip3,0.019860017,0.582948868,0.081515136,1,NA,0.278802912,0.615496633,NA,1.91E-07,0.767093274,1.78E-05,0.62710054,3.97E-01
Mgst1,0.003302358,0.583845292,0.069048877,1,1,-0.426438836,0.997572655,NA,3.10E-05,0.554410407,0.917144053,0.4548172,4.69E-01
Hnf4a,0.011138267,0.586617918,0.559413646,NA,NA,NA,0.975444679,NA,3.92E-05,0.422033923,7.06E-20,0.449498977,3.76E-01
Fhl1,0.008948058,0.026201967,0.05428372,0.003776176,1,0.451518039,0.196960009,1,2.79E-22,0.449565221,1.71E-12,0.49252014,3.07E-01
Pcdhb16,0.003469546,0.2829115,0.252773976,1,NA,NA,0.01663194,NA,0.000187237,0.371665244,5.54E-11,0.432406325,2.62E-01
Dsg2,0.003989611,0.327902267,0.715592339,NA,1,NA,0.18213255,NA,8.13E-10,0.357624936,9.40E-26,0.315629529,3.23E-01
Trim47,0.046932567,0.065831342,0.063137542,1,NA,0.427830816,0.10793125,1,0.540593879,0.005553054,2.96E-09,0.004604052,2.97E-01
Zfp36,0.010173263,0.028655485,0.1738706,1,0.009191765,1.000153767,0.988542218,NA,0.596363067,0.721755465,0.723820601,0.877407673,5.57E-01
C4b,0.004585506,NA,0.249600053,NA,NA,NA,0.026054805,NA,3.17E-21,NA,7.55E-47,NA,5.60E-02
Gipc2,0.011711419,0.306452243,0.320130643,NA,NA,NA,0.994455917,NA,9.14E-17,0.028944948,1.18E-23,0.014280714,2.09E-01
Pros1,0.0005874,0.0700669,0.686769783,NA,NA,0.268108054,0.997572655,NA,8.42E-08,0.003832604,2.28E-09,0.017791817,2.27E-01
Matn4,0.017547485,0.082401352,0.426596841,NA,NA,NA,0.013679143,0.022257729,1.80E-62,0.253158332,1.06E-69,0.029297856,9.39E-02
Plek,0.043471471,0.041892557,0.06669519,0.041564083,1,0.35579959,0.997572655,1,1.41E-18,0.167029198,0.000985182,0.372831729,3.41E-01
Tmem215,0.021705143,NA,0.166286602,NA,1,NA,0.025352567,NA,2.45E-15,0.326757201,2.36E-23,0.35125694,2.36E-01
Csf2rb,0.007414678,0.739519575,0.024449278,NA,NA,NA,NA,1,NA,0.034118337,NA,0.078519884,3.14E-01
Rhoj,0.001729699,0.061048644,0.622926155,NA,NA,NA,0.726031887,NA,3.89E-05,0.006052095,4.95E-12,0.017935177,1.79E-01
Itgb3,0.007914198,0.309559006,0.017649036,1.08E-05,0.316720157,NA,3.09E-05,0.000579304,8.05E-32,0.500509647,3.21E-16,0.459192185,1.47E-01
Tmem56,0.026978612,0.031721544,0.930298291,1,NA,NA,0.385597079,NA,0.443257827,0.519405774,0.000147746,0.666962941,4.45E-01
Stom,0.041036638,0.473183678,0.157068289,NA,NA,NA,0.022345647,NA,0.002698702,0.713930487,0.01982254,0.656444514,2.61E-01
Lsr,0.021353602,0.563300931,0.053603885,NA,NA,NA,0.069115695,NA,0.008689896,0.463210004,9.80E-09,0.593024349,2.22E-01
Ect2,0.012281746,0.039152701,0.024449278,NA,NA,NA,0.842458113,NA,0.845579831,0.151291404,3.33E-05,0.568613544,3.10E-01
Cd34,0.020062974,0.658621293,0.027321394,1,1,-0.640145115,0.000386282,0.112660283,0.060765137,0.129327789,2.03E-05,0.069903066,2.03E-01
Cpne8,0.004659101,NA,0.610149978,0.066048418,NA,NA,0.122826901,0.008408451,3.29E-19,0.061065214,1.28E-17,0.213513181,1.21E-01
Prcp,0.010642739,0.111961886,0.032532669,1,1,NA,0.38051139,0.356358279,1.46E-08,0.430794203,1.16E-07,0.480680879,3.46E-01
Fyb,0.007414678,0.120715279,0.010833696,NA,1,0.303729695,NA,NA,NA,0.024731615,NA,0.139757565,2.30E-01
Abcb1a,0.025041374,0.221714001,0.100569297,NA,NA,NA,0.925702346,NA,6.75E-06,0.011610198,5.34E-05,0.014766283,1.62E-01
Pbx3,0.007748135,0.014471716,0.087931491,0.007781607,NA,NA,0.000398081,NA,0.000527388,0.016707953,1.43E-13,0.012909499,1.65E-02
Myo1e,0.029334403,0.760862455,0.224941779,NA,NA,NA,0.391916098,NA,9.71E-07,0.348922751,4.33E-07,0.362330324,2.65E-01
Zfp334,0.030310339,0.509798251,0.585170471,NA,NA,NA,0.985731605,NA,0.001840131,0.457711893,6.02E-09,0.618359146,3.99E-01
Serpinb6a,0.007414678,0.18554694,0.701043423,NA,NA,NA,0.499833207,NA,0.00584036,0.015467815,2.52E-06,0.027246409,1.80E-01
Serpinb8,0.026988224,0.471690901,0.256050535,1,NA,NA,0.764659811,NA,0.000168528,0.315270084,0.010836671,0.426457679,3.64E-01
Cxcl16,0.028624023,0.183430653,0.37641359,NA,NA,NA,0.876484328,NA,0.141909565,0.133582516,0.002331698,0.105679428,2.31E-01
Ppp1r16b,0.015448806,0.273849282,0.339688505,1,NA,NA,0.7840879,0.02927084,0.00261286,0.523010435,1.33E-06,0.492238465,3.46E-01
Il15,0.023388168,0.211941521,0.054530785,NA,NA,-0.543056096,0.118203839,NA,0.016343513,0.106103497,4.70E-05,0.028796594,1.81E-03
Tm6sf1,0.018297694,0.335453499,0.859857771,NA,NA,NA,0.947705361,NA,0.000316751,0.055814269,0.001717703,0.456040557,3.34E-01
Rbpjl,0.030459965,0.844753684,0.221622463,NA,NA,NA,0.005525538,NA,6.37E-11,0.89816097,6.80E-19,0.89774776,3.62E-01
Rnase6,0.048347047,NA,0.01942961,1,NA,-0.525927679,NA,0.534689171,NA,0.011090767,NA,0.048185751,1.62E-01
Nckap1,0.011587747,0.537724629,0.067645286,NA,NA,NA,0.939432371,NA,0.72806254,0.012079683,5.71E-09,0.019276557,2.89E-01
Clec1b,0.028624023,0.016859414,0.126096685,NA,NA,NA,0.591430832,NA,0.339906602,0.008432701,0.001492037,0.399230826,1.89E-01
Slc6a15,0.013134691,0.026740369,0.494149872,1,NA,NA,0.897504733,1,0.032103398,0.072561957,3.04E-05,0.055797864,3.59E-01
Pclo,0.045746384,0.306409684,0.317594528,1,NA,NA,0.926873161,NA,0.766921266,0.639666932,0.066981122,0.634175475,5.23E-01
Stxbp4,0.034205776,0.729468122,0.376434824,NA,1,NA,0.569202243,NA,4.69E-14,0.306971834,0.000303389,0.444360245,3.85E-01
Cd86,0.029505307,0.536366427,0.027012081,1,NA,NA,0.959930647,NA,0.00112517,0.04116841,2.70E-10,0.431480489,3.36E-01
Cd37,0.024927795,0.103425039,0.026727785,NA,NA,-0.490895167,0.520264268,NA,0.0477699,0.162013391,4.34E-10,0.432812202,9.19E-02
Abca4,0.028842302,0.57495519,0.136031939,NA,0.049893664,NA,0.038332566,NA,7.03E-16,0.002493373,1.12E-26,0.003729317,9.27E-02
Mmp2,0.022393233,0.028288802,0.239684182,NA,NA,NA,0.997572655,NA,0.001508206,0.123511101,2.83E-10,0.005145321,1.77E-01
Arhgap29,0.007776162,0.587544693,0.07580919,1,1,NA,0.448117445,NA,0.000227116,0.520762256,4.07E-12,0.45149821,4.09E-01
Lsp1,0.039544119,0.124621676,0.127173743,NA,1,-0.613360463,0.957950599,NA,0.018929637,0.223614227,0.022363264,0.085417552,1.99E-01
Arhgap30,0.041036638,NA,0.127418212,1,NA,NA,0.750582243,NA,0.018929637,0.575906052,3.86E-10,0.390070919,3.63E-01
Slc28a2,0.025041374,NA,0.087629721,NA,NA,-0.298274117,0.495605192,NA,0.023674032,NA,3.69E-07,NA,5.56E-02
Arhgef28,0.048347047,0.343408823,0.024449278,NA,1,NA,NA,NA,NA,0.279598683,NA,0.529648802,3.71E-01
Slamf1,0.040248248,0.479947026,0.123464621,1,NA,NA,0.385962717,NA,0.00114512,0.120445743,1.40E-10,0.196092327,2.61E-01
Phactr1,0.044400504,0.414239764,0.3397492,NA,1,0.29387179,NA,1,NA,0.478916104,NA,0.56607399,5.17E-01
Npdc1,0.049081581,0.97663185,0.589389403,1,NA,0.372838599,0.815922318,NA,1.50E-17,0.02112282,6.81E-07,0.068033566,3.89E-01
Tnfsf10,0.039544119,0.740898477,0.230543881,1,NA,NA,0.290897213,0.444843083,0.019958603,0.244913858,2.79E-07,0.315717644,3.33E-01
Ndrg1,0.023656258,0.143600831,0.235945615,0.006946241,1,NA,NA,NA,NA,0.108168049,NA,0.398490681,2.74E-01
Cd9,0.025041374,0.03335599,0.867259361,1,NA,NA,0.998326261,NA,6.37E-07,0.307754056,0.019975837,0.190821172,3.83E-01
Pla2g4a,0.014686857,0.035937695,0.510896202,1,NA,NA,0.559904941,NA,3.61E-05,0.260535072,0.023785817,0.230935439,2.93E-01
Abat,0.028975932,0.566155822,0.164005258,NA,NA,NA,0.970443455,NA,6.76E-11,0.497490945,6.81E-10,0.433543049,3.33E-01
Col4a2,0.014060579,0.058118286,0.55477079,NA,1,NA,0.054158448,1,2.73E-07,0.051219197,1.48E-14,0.030149014,2.76E-01
Abcb1b,0.040262079,0.810079334,0.276864103,1,NA,NA,0.792698331,NA,0.000328109,0.434885445,0.001405995,0.448806363,4.23E-01
Dhx40,0.008988539,0.460993506,0.55477079,NA,1,NA,0.407708072,NA,0.000692282,0.132133165,6.48E-05,0.009184031,2.86E-01
Dennd5b,0.028842302,NA,0.393769255,NA,1,NA,0.151618344,1,0.036391381,0.345872688,6.42E-05,0.449017304,3.78E-01
Evc,0.031249442,0.292477068,0.279060244,1,NA,NA,0.932126147,NA,0.006979977,0.385847524,3.42E-05,0.503484098,3.81E-01
Trpc6,0.045183667,0.167440492,0.840761889,NA,NA,NA,0.977378034,1,0.039931569,0.030897251,0.000948802,0.271193668,3.75E-01
Tsc22d1,0.043473476,0.12761196,0.514216767,1,1,0.499855735,0.934733665,NA,1.34E-08,0.376007168,0.005123343,0.712077012,4.74E-01
Sult1a1,0.215821987,0.008246714,0.055282361,1.35E-09,1,1.715941444,NA,3.44E-10,NA,0.000356873,NA,0.003668771,3.33E-01
Slc14a1,0.284624659,0.452041314,0.014834474,1,NA,NA,0.731235307,NA,0.000883666,0.181573408,0.019771414,0.371381375,3.40E-01
Anxa6,0.053051838,0.15218216,0.228360819,0.064826815,1,-0.428615637,0.859714677,NA,2.26E-07,0.669343234,5.68E-10,0.316931602,2.65E-01
Sdpr,NA,0.015438157,0.055984414,8.62E-11,NA,0.465085676,NA,0.00068077,NA,0.002021183,NA,0.003646221,7.76E-02
Ghr,0.10443707,0.346668832,0.967103578,1,NA,NA,0.186044893,NA,9.54E-06,0.259586679,1.33E-09,0.305217646,3.52E-01
Lgals1,0.05068592,0.034871622,0.026727785,1,NA,NA,NA,NA,NA,0.019402997,NA,0.024999097,1.93E-01
Mef2c,0.436772811,0.115581837,0.043524275,1,1,NA,0.903020305,NA,0.004782696,0.101533031,0.005847859,0.512057521,4.12E-01
Cytip,0.153497521,0.04017638,0.111226089,1,1,NA,0.335337006,NA,7.21E-07,0.028650577,1.64E-10,0.076219493,2.75E-01
Efna1,0.274756958,0.266283887,0.433462006,1,NA,0.590790793,0.925596548,NA,3.34E-10,0.073660384,2.92E-08,0.300078644,3.86E-01
Ndn,0.164146528,0.384336128,0.790132246,1,1,NA,0.997572655,1,8.01E-07,0.415635186,1.83E-07,0.523960777,5.71E-01
,NA,0.528047489,0.522518698,NA,NA,NA,NA,NA,NA,0.836802917,NA,0.881807141,6.92E-01
Satb1,0.066366051,0.141304851,0.040834049,0.000512203,NA,NA,0.997572655,NA,0.01087294,0.338284364,1.21E-06,0.323022179,2.13E-01
Sell,0.570466012,0.158973083,0.042286887,0.000512203,NA,NA,0.997572655,NA,0.692686175,0.019429801,0.601904995,0.30951576,3.77E-01
Klrb1b,0.9252364,0.313938289,0.311006433,NA,NA,0.682886509,0.988542218,NA,NA,0.886335924,2.57E-05,0.91360069,6.28E-01
Plscr1,0.060707473,0.029102894,0.077423494,1,1,0.320766066,0.023086364,5.37E-05,3.28E-09,0.058480386,7.50E-08,0.149348148,2.27E-01
Tm4sf1,0.053713506,0.288976815,0.826040774,0.212841507,NA,0.275115755,0.012691283,0.003528208,9.98E-27,0.177201127,4.12E-28,0.350380799,2.00E-01
Mllt3,0.734528989,0.02862872,0.055282361,NA,1,NA,0.972973397,NA,0.928565701,0.062668238,0.003255475,0.301247523,4.54E-01
Mcm7,0.320162264,0.133734346,0.035744543,NA,1,-0.608966411,0.641408262,0.25849642,0.65263868,0.135590397,0.034330244,0.470323355,2.79E-01
Gstm7,0.12059324,0.206694963,0.810063576,1,NA,-0.251359894,0.457730994,NA,2.01E-05,0.655749859,3.18E-05,0.60309135,3.60E-01
Alcam,0.081149532,0.033867664,0.01942961,1,NA,NA,0.000345488,0.004808943,7.88E-12,0.10962975,6.50E-22,0.184009625,1.43E-01
Perp,0.112852029,0.030878804,0.74104738,NA,NA,NA,0.981482822,NA,0.00030495,0.036361106,6.65E-09,0.013787456,2.40E-01
Anxa2,0.332015644,0.260512869,0.048656583,NA,NA,-0.470522874,0.994455917,NA,0.00679016,0.322161335,0.882720251,0.547185103,3.25E-01
Thbd,0.128544418,0.033953708,0.767566876,1,NA,NA,0.731830414,NA,4.56E-05,0.030867092,5.25E-07,0.015548932,3.01E-01
Oxr1,0.056623175,0.048254443,0.291175104,0.085789567,1,0.565020226,NA,0.059623575,NA,0.004311657,NA,0.005250659,2.35E-01
Gstm1,0.487477628,0.101165423,0.350394439,0.019495695,NA,NA,0.939432371,1,0.001011985,0.426736314,0.000138439,0.619899206,3.95E-01
Lamp2,0.219653927,0.288891525,0.252132408,NA,NA,0.259769216,0.893566646,NA,1.25E-07,0.048091474,0.000266031,0.094803269,2.29E-01
Dnmt3b,0.097695524,0.215466768,0.896336428,NA,1,NA,0.783856698,NA,0.009468526,0.016614845,0.001683755,0.084637969,3.45E-01
Cntn1,0.068527822,0.284040038,0.358665721,NA,NA,NA,0.919804979,NA,1.42E-12,0.541630043,2.74E-21,0.659743054,3.54E-01
Btg2,0.055726674,0.107835465,0.07987937,5.28E-08,0.000350478,0.511563236,0.994455917,NA,0.677854496,0.91813942,0.096209881,0.825231297,3.88E-01
Ctss,0.062547727,0.043770519,0.011725608,NA,NA,NA,0.998092616,NA,0.008992869,0.026349127,0.934190257,0.954293717,3.80E-01
Acsl4,0.530757831,0.215786791,0.394572464,NA,NA,NA,0.947705361,NA,0.044633963,0.284117999,0.008005643,0.506625652,3.67E-01
Muc13,0.293119925,0.056661435,0.043524275,1,1,NA,0.719451082,NA,0.001828365,0.037232713,0.243271771,0.423458286,3.82E-01
Cyb561,0.950748302,0.046514111,0.252132408,NA,NA,NA,0.994455917,NA,2.45E-10,0.01497639,0.000140987,0.013092225,2.84E-01
Socs2,0.129391153,0.247830477,0.05060319,0.000165913,1,NA,0.997572655,NA,2.22E-06,0.594149136,2.53E-13,0.654679367,3.67E-01
Mamdc2,0.106652725,NA,0.011725608,NA,NA,-0.513367462,NA,1,NA,0.021570878,NA,0.049396577,1.13E-01
Gda,0.1097035,0.399237874,0.026727785,0.066827629,NA,NA,NA,4.86E-12,NA,0.003071407,NA,0.025511753,9.02E-02
Mlec,0.277920259,0.089922596,0.302847027,0.017658791,NA,NA,0.716347818,NA,9.70E-06,0.264230238,0.144233469,0.42838785,2.49E-01
Plscr4,0.573304034,NA,0.032532669,1,NA,NA,0.201688009,NA,0.000493402,0.449403064,2.57E-05,0.541270523,3.50E-01
Sema7a,0.231513284,0.443433153,0.036811505,NA,NA,NA,0.394123825,NA,0.680130426,0.488167437,5.60E-07,0.464538017,3.42E-01
Plac8,0.436379512,0.161247384,0.043524275,1,NA,-0.638556549,0.980619711,0.001345955,1.99E-19,0.052037916,0.488314133,0.007857055,2.30E-01
Plxdc2,0.117849041,0.901097514,0.043524275,NA,NA,NA,0.555095852,NA,6.79E-10,0.325744329,8.73E-06,0.333646952,2.85E-01
Rfc2,0.31751558,0.159716363,0.045215437,NA,1,-0.559001811,0.485713557,1,0.978607175,0.094874878,0.000565232,0.376740501,3.55E-01
Gadd45g,0.113232607,0.63584775,0.940106474,0.00016506,1,0.462093292,0.979421708,1,5.03E-07,0.01001053,3.62E-08,0.000426139,4.28E-01
Art4,0.108296007,0.514989933,0.443560486,0.000971131,1,0.382348507,0.96806809,0.658460072,4.77E-05,0.003150902,4.67E-07,0.079311938,3.47E-01
Cyp26b1,0.457530822,NA,0.854202211,0.013796994,NA,NA,0.002777577,0.001526126,0.003284881,0.054989709,4.93E-23,0.243186024,1.81E-01
Exoc6b,0.340417913,NA,0.18139793,0.025869729,1,NA,0.254660174,0.000469216,0.091161446,0.422406835,1.95E-10,0.524570184,2.84E-01
Mcm5,0.458359076,0.814926359,0.069452923,0.030435805,NA,-0.603180878,0.401966477,0.065175681,0.869781273,0.205376955,0.007294708,0.278521178,2.36E-01
Tgm2,0.144794735,0.52489204,0.358415714,0.041764249,NA,0.627232712,0.527427345,1.48E-07,3.14E-10,0.061803391,0.000154587,0.341747622,2.39E-01
Lst1,0.088215347,0.167594697,0.235733513,0.064414193,0.006124185,-0.397797914,0.932126147,NA,6.42E-09,0.02693718,0.00133286,0.045964868,1.06E-01
Prtn3,0.0532108,0.134786083,0.876953011,1,1,1.235046819,0.496114609,4.23E-07,0.000286358,0.009685231,3.84E-08,0.013678169,4.02E-01
Gpx3,0.390372127,0.484560666,NA,NA,NA,0.583650642,0.367045759,0.002203994,0.001337116,0.058686164,1.14E-05,0.80647393,2.99E-01
Rorc,0.055947139,0.817294769,0.540462325,NA,NA,0.364905211,0.150669132,0.001572176,1.14E-10,0.033451168,9.66E-19,0.409466044,2.37E-01
Nrg4,0.114208244,0.486529723,0.08547032,NA,NA,0.252141091,0.090372705,NA,0.001536139,0.009315616,2.58E-10,0.002499077,1.16E-01
Tox,0.270817166,0.464293084,0.114162903,1,NA,0.500274118,0.771174074,NA,0.001714503,0.039157199,1.16E-07,0.593904586,3.76E-01
Ly6e,0.153282536,NA,0.062512346,1,1,0.489786092,0.826078094,NA,0.006580511,0.267036497,0.027308941,0.695274226,4.53E-01
Tmem176a,0.280217306,0.33260747,0.826778311,1,NA,0.530940604,0.831457966,4.49E-07,0.000160344,0.137081149,0.000804429,0.54550187,4.08E-01
Mmrn1,0.05068592,NA,0.232400156,NA,NA,0.434037373,NA,NA,0.011647925,0.467160418,0.001738842,0.482169547,2.40E-01
Cd63,0.691319211,NA,0.396229809,1,NA,0.389365078,0.514092783,0.000267545,0.002348702,NA,0.025370285,NA,3.77E-01
Lpar6,0.10495801,NA,0.062780793,NA,NA,0.327618581,0.773492468,0.001496244,0.316287714,0.0025344,1.47E-10,0.012193386,1.78E-01
Tc2n,0.057486549,0.47301658,0.088015,0.566113479,NA,NA,0.000110136,NA,9.04E-25,0.216931787,9.46E-33,0.24125852,1.83E-01
Vldlr,0.111140041,0.339394879,0.069048877,NA,1,NA,1.69E-09,NA,0.000976616,0.095240273,2.11E-12,0.209675729,2.03E-01
Rdh10,0.327005113,0.575797,0.25078223,NA,NA,NA,0.00052285,NA,0.861105353,0.016537699,1.85E-14,0.021433836,2.57E-01
Amotl2,0.23539178,0.524674374,0.121329259,NA,0.555733723,NA,0.001807321,NA,2.48E-21,0.103570155,6.62E-19,0.003187517,1.72E-01
Plcl1,0.387816205,NA,0.06716763,NA,1,NA,0.009186753,NA,0.739249806,0.14945881,7.36E-15,0.40692102,3.45E-01
Ptger4,0.105524147,0.309287224,0.159055284,NA,1,NA,0.020494891,1,0.613732419,0.006381681,1.16E-10,0.045319001,3.26E-01
Maf,0.357174133,0.355917659,0.286353806,1,NA,NA,0.002038438,NA,3.00E-19,0.557039373,1.34E-17,0.614781157,3.53E-01
Vmp1,0.474933831,0.382434848,0.58865528,0.788917659,1,NA,0.388932155,0.000464106,0.179669188,0.445948841,3.93E-09,0.334371824,4.17E-01
Procr,0.487199205,0.160143063,0.86906405,1,NA,NA,0.627064722,0.002656148,0.009468526,0.015708198,7.39E-05,0.047125775,3.22E-01
Runx1t1,0.310507898,0.532602464,0.067542461,1,1,NA,0.215774919,0.033913395,0.001507926,0.202216232,2.33E-08,0.283505259,3.32E-01
Rab34,0.249720032,0.495054444,0.47646413,NA,NA,NA,0.988542218,NA,6.40E-05,0.066586824,0.01666756,0.068351358,2.95E-01
Tbc1d8,0.185279089,0.151279885,0.138194021,NA,1,NA,0.427650545,1,0.022765302,0.094558544,1.72E-06,0.054996177,3.07E-01
Ddr1,0.497117969,0.524202171,0.722611736,NA,NA,NA,0.995533545,NA,3.64E-05,0.412516924,2.03E-10,0.543814984,4.62E-01
Ampd3,0.065093234,0.160557038,0.0721578,1,NA,NA,0.109880314,NA,3.59E-05,0.008432701,7.48E-08,0.005500069,1.58E-01
Syk,0.435074973,0.296644227,0.469953493,NA,NA,NA,0.783856698,0.706554478,0.002880265,0.397015149,9.53E-05,0.308931802,3.78E-01
Ocln,0.101790432,0.097879437,0.77602998,1,NA,NA,0.87509373,NA,0.000169909,0.053275248,1.76E-13,0.246379591,3.50E-01
Rgn,0.361420622,0.305501729,0.939682211,NA,NA,NA,0.941331092,NA,5.55E-07,0.017827896,3.34E-09,0.016831944,3.23E-01
Meis2,0.233619759,0.088124732,0.867608112,NA,NA,NA,0.997572655,NA,0.006457733,0.087725014,0.001573196,0.136212996,3.02E-01
Gabra4,0.066366051,NA,0.557246189,NA,NA,NA,0.330985318,NA,1.00E-05,0.310550947,1.67E-47,0.240540273,2.15E-01
Antxr2,0.125655638,0.160184633,NA,NA,NA,NA,0.951461681,1,0.012015541,0.031444343,0.002222107,0.031293421,2.89E-01
Nt5c3,0.05068592,0.108363468,0.964197151,1,1,0.305438483,0.76315485,NA,1.93E-05,0.334959717,8.93E-05,0.522320412,4.59E-01
Chrna7,0.883289402,0.554092007,0.763989727,NA,NA,NA,0.997572655,NA,0.018735473,0.124639176,2.30E-09,0.427019052,4.71E-01
Ldhd,0.146133018,NA,0.119844644,NA,1,NA,0.205408171,NA,1.05E-05,0.003768555,7.07E-08,0.01444037,1.86E-01
Pdgfd,0.144255546,0.532960675,0.838619134,NA,NA,NA,0.559904941,NA,0.01246915,0.407540266,5.81E-08,0.346280617,3.55E-01
Acpp,0.063959057,0.521873873,0.21307973,NA,NA,NA,0.258387198,NA,1.60E-05,0.601845288,4.51E-13,0.607310158,2.83E-01
Lrrn1,0.219533415,0.079160453,0.523208138,NA,NA,NA,0.951461681,NA,8.45E-11,0.592391894,6.46E-12,0.63485102,3.75E-01
Camk1d,0.591940403,0.276360755,0.078314843,1,NA,NA,0.995533545,NA,2.09E-05,0.346517867,1.20E-06,0.164007411,3.84E-01
Asb4,0.05375711,0.082370492,0.33059973,NA,NA,NA,0.997572655,NA,0.000411625,0.126930596,9.16E-09,0.04769371,2.05E-01
Cldn12,0.433664699,NA,0.197843374,NA,NA,NA,0.822575248,1,0.035166494,0.058635901,1.92E-05,0.133192872,3.35E-01
Ntf3,0.33887479,0.994926242,0.321604079,NA,NA,NA,0.131930299,NA,1.36E-07,0.140154337,6.16E-15,0.266529942,2.74E-01
Cd200r4,0.201080199,NA,0.688994295,NA,NA,NA,0.997572655,NA,3.77E-12,0.010959963,1.07E-05,0.038133562,2.77E-01
Kdr,0.066113325,0.115939297,0.48232347,NA,NA,NA,0.864395931,NA,6.35E-12,0.0025344,6.62E-19,0.011760474,1.93E-01
Prnp,0.23659363,0.30781243,0.157331409,NA,NA,NA,0.313503966,NA,0.002921003,0.097347451,6.88E-05,0.078597798,1.49E-01