Best20 genes, RNDforest scaled
X	Y	ages	KMeans	mismatches
FileGSE100426_SC_Mann_corr_sel_norm_log.tsv0.862
0.13472509889043915	-0.016859622774792346	0	0	0
0.10398272070408202	-0.05579495014997285	0	0	0
0.11742169340930958	-0.004151401447811925	0	0	0
0.08917327270758901	-0.09705293361411123	0	0	0
0.18552153198358953	-0.04624120793749624	0	0	0
0.14075341740470018	-0.14191248304456205	0	0	0
0.12718746536959835	0.11992398080393638	0	0	0
0.17240356257790723	0.009570450063037332	0	0	0
0.19442502507349405	0.015993369567145626	0	0	0
-0.1062668893716228	0.04941295538835203	0	1	2
0.14643764448105515	-0.08784583602320671	0	0	0
0.16130769879530668	0.023751571829503014	0	0	0
0.14319325843053485	0.1718170127533006	0	0	0
0.14517361838583603	0.0487168875083409	0	0	0
-0.004791170780833087	0.0012977739853226207	0	1	2
0.14641143116666236	-0.16375799357890303	0	0	0
-0.22788787446940711	0.11699773690492023	0	1	2
0.06510895594036649	0.1177441698856539	0	0	0
0.2278034961076332	-0.04102101856989712	0	0	0
0.1734758705398936	-0.13422081125406926	0	0	0
0.20639690210127107	-0.01920875505663988	0	0	0
0.19423095770268478	0.09857417543476081	0	0	0
0.07684853867804511	-0.06519436549739177	0	0	0
-0.1365053737651613	-0.04527395105372483	0	1	2
0.23331184601537533	-0.01274486183718894	0	0	0
0.05743970145939688	-0.18221638963922462	0	0	0
0.192989116426379	-0.17074342268797618	0	0	0
0.16735608854433348	-0.09658593767874099	0	0	0
0.10934747491383955	-0.010262323977047174	0	0	0
0.09467272785867731	0.07033234455449636	0	0	0
0.20331032345362632	0.07058820673557173	0	0	0
0.12664351006158645	-0.14413854725999953	0	0	0
0.07157451623930527	-0.02091417208777649	0	0	0
0.049316052187528735	-0.05250578740668448	0	0	0
0.027216233202075234	0.19505177876612148	0	1	2
0.16925081992395463	-0.05080903153046481	0	0	0
0.16861146645029285	-0.13731934676134183	0	0	0
0.11821396025650616	-0.06738868643842212	0	0	0
-0.018393184000774044	0.17791163420431044	0	1	2
0.158497760087281	-0.04240163277527005	0	0	0
0.18126572810706287	0.07680360752758948	0	0	0
0.20982731860108778	0.026008061665081773	0	0	0
0.16071663070297337	0.03405734167350317	0	0	0
0.1763568311315441	0.12531640561626345	0	0	0
0.10001441949454698	0.1309398968291961	0	0	0
0.15565518115181345	0.0004091709388796741	0	0	0
0.15471449392446954	0.06409635076680152	0	0	0
0.18026505503816243	0.05064817364765049	0	0	0
0.1357084035493048	-0.032781098288164334	0	0	0
0.026450604219659262	-0.13918577268349513	0	0	0
0.22108774721332214	0.03725926089201737	0	0	0
0.13026875961882414	0.02840751168038733	0	0	0
0.23758102271616333	-0.012084543926231319	0	0	0
0.1922811286559459	-0.10024580398954878	0	0	0
0.17203796913630776	-0.10772309070118834	0	0	0
0.21731110882580273	0.0017330857907235906	0	0	0
0.20600360128146167	0.051197171603601654	0	0	0
0.2361888830001837	-0.09456112647861635	0	0	0
0.11206738823149616	-0.08131401443500531	0	0	0
0.12782442186880028	-0.16494092139034688	0	0	0
0.23021154793029155	0.14577827433505453	0	0	0
0.17920462563065212	0.18632732152552947	0	0	0
0.074692733303471	-0.1356233268660884	0	0	0
0.21629980561654372	0.06127428108426644	0	0	0
0.1358067387325605	0.08905763285005618	0	0	0
0.11264705649770118	0.09892404725010615	0	0	0
0.06665123491886207	-0.17169184904200374	0	0	0
0.18718982824063513	-0.07427337894494711	0	0	0
0.2696468276041383	-0.038889261529927055	0	0	0
0.07042504799007554	-0.13473398709940426	0	0	0
0.17623596207012485	0.05211509247167949	0	0	0
0.014513441837681412	-0.15515120650037853	0	0	0
0.15770121555351252	-0.05873969412265239	0	0	0
0.18142462558333067	-0.002169734860030726	0	0	0
0.1428164203203703	-0.09786984335319507	0	0	0
0.15223172033744647	0.11987103806618168	0	0	0
0.042016061070862115	-0.04065080485865664	0	0	0
0.014386999464554228	-0.19176651372833098	0	0	0
0.17469672160615202	0.21528959217572774	0	0	0
-0.04233701129476721	0.04995822004960642	0	1	2
0.1107157926481645	0.07552500181899115	0	0	0
0.04597413069853801	-0.08069469474458116	0	0	0
0.22552999733401105	0.08593021110522256	0	0	0
0.10824695699464226	0.162645890547936	0	0	0
0.21492621913653503	-0.014255745629166736	0	0	0
0.13322310665177695	-0.11776876892646077	0	0	0
0.08911723409570521	-0.11778099628403282	0	0	0
0.08550318777035625	0.09594139520810027	0	0	0
0.0013897439250308945	0.30906733337365555	0	1	2
0.10529436606578206	-0.14469466399854958	0	0	0
0.10147730259691308	-0.19272473103033266	0	0	0
0.18042298695609718	-0.12787319135046493	0	0	0
0.18694441195928577	-0.13186661737166494	0	0	0
0.04720876416468823	0.01876320155129789	0	0	0
0.092964331020497	0.04253702282936076	0	0	0
0.17030021875852722	0.09432720880526067	0	0	0
-0.011887197958635088	-0.09516579044338278	1	0	2
-0.12077135280644942	-0.03469010409114903	1	1	1
0.014418804605550261	-0.08202335777401584	1	0	2
-0.1575194698959831	0.03008247195246461	1	1	1
-0.24293797431620742	0.03417471174483012	1	1	1
-0.14290657724126737	0.003702225142295991	1	1	1
-0.22625014193829673	0.15318495693778414	1	1	1
-0.02976581742121961	-0.2578243867436362	1	0	2
-0.095174476063826	-0.10363393987529161	1	1	1
-0.22969182166998256	-0.06636811094945096	1	1	1
-0.09884993822274483	-0.06212190720920424	1	1	1
-0.14131291567653653	-0.1633474265365705	1	1	1
-0.07453309740349166	0.2516964399732188	1	1	1
0.0004469547358672519	0.058430072025673845	1	1	1
-0.07420563814888105	-0.0721193429199478	1	1	1
-0.23784754852805143	-0.03370027052351762	1	1	1
-0.2808066800185113	-0.04459909411459878	1	1	1
-0.00254498717493335	0.09509521277755958	1	1	1
-0.19421225699310274	0.066481343477082	1	1	1
-0.06600937094729158	-0.20676466202212287	1	1	1
0.14387414454028669	0.23621102645821113	1	0	2
-0.04773297327146032	-0.18863800538547515	1	1	1
-0.1507210664051037	-0.04471545012880303	1	1	1
-0.26791414057256285	-0.05239467418253251	1	1	1
-0.15126126794477324	-0.08582316227590371	1	1	1
0.007296586900059997	0.13824523477285905	1	1	1
-0.11273258822765193	-0.1917348330292029	1	1	1
-0.03727924252139163	0.06401849958956786	1	1	1
-0.06760515977493167	-0.1607440431662554	1	1	1
-0.1486921486128662	0.18679684804838415	1	1	1
-0.14672080050298764	-0.20738054817687154	1	1	1
-0.13025268849374336	0.0963016037082886	1	1	1
-0.14488997526363456	0.08492504293655011	1	1	1
-0.05619087738486106	0.054631195260394755	1	1	1
-0.15164798211952127	-0.12566540178838828	1	1	1
-0.16963886167734957	-0.097926177069069	1	1	1
0.029192224895869957	-0.1721832984003856	1	0	2
-0.10647705938795954	0.0016569072656897233	1	1	1
-0.21390929977929393	-0.13322170782508644	1	1	1
0.018447571601846815	0.26822111277560157	1	1	1
0.026167250227490342	-0.0087353599563795	1	0	2
-0.11626062065211164	-0.13242742098725716	1	1	1
-0.029356623057196083	-0.16122385236743023	1	0	2
-0.0015331157177070427	0.1987119417591885	1	1	1
-0.18243644708504075	-0.058606824156928805	1	1	1
-0.2589254227382558	-0.10786690346530721	1	1	1
-0.09195913413012263	-0.2581549326894764	1	1	1
-0.038455626506699536	-0.20303486751350802	1	0	2
-0.21879358071190913	-0.11422209040645702	1	1	1
0.01151024128481695	0.08106249587872873	1	1	1
-0.033073658231563864	-0.1412031742100638	1	1	1
-0.11069933473083411	-0.16948649127385604	1	1	1
0.037174460504563654	-0.02987304995376403	1	0	2
-0.029965633022395487	-0.03700553487293605	1	1	1
0.05390836163757025	-0.10019629771238378	1	0	2
-0.025140440012252987	-0.010036557675386588	1	1	1
-0.20143036321320393	0.053286834369623545	1	1	1
-0.055056353662522366	0.1548584021814953	1	1	1
0.07182511638516383	0.02749705328224595	1	0	2
-0.2993882779858169	-0.017827242474914944	1	1	1
0.051793095384032865	0.18000015536163036	1	0	2
-0.21182049309764447	0.09870108178638547	1	1	1
-0.11566151618783439	0.0965800485190167	1	1	1
-0.022556751506431792	-0.18925324862917123	1	0	2
-0.23860110335203127	-0.15372051546485532	1	1	1
-0.3051197830077334	0.05370261653920586	1	1	1
-0.09389361688550198	-0.11893623418175553	1	1	1
-0.15794037599680105	0.09319612537144635	1	1	1
-0.2877511432264736	-0.027810493751920663	1	1	1
-0.27157476885070714	0.07940247444620259	1	1	1
-0.10785434745774657	0.04674775269298883	1	1	1
-0.05177842258950112	0.09133857841027672	1	1	1
-0.06207261375059257	-0.12165083654105469	1	1	1
0.17764354823908055	0.16993246648158128	1	0	2
-0.20718078710378382	0.2347817376100853	1	1	1
-0.23221931858980352	0.05374278097558446	1	1	1
0.01019938624632438	-0.20955642565123586	1	0	2
-0.16812634891150235	-0.03620513419653212	1	1	1
0.03994459635045356	-0.18945088109662375	1	0	2
-0.20467062986878135	0.09117400496227922	1	1	1
0.06804051564048562	0.24628577357938622	1	0	2
-0.03067749418759154	0.01469372412245831	1	1	1
0.03874493380796651	0.2678972042497716	1	1	1
-0.09164855227855902	0.03811183718529873	1	1	1
-0.08940683410440416	0.21864625257913242	1	1	1
-0.22712864522860726	0.19869235166732227	1	1	1
-0.04948810393960366	-0.042066403344519034	1	1	1
-0.13204566745731985	0.05621127413489464	1	1	1
-0.03220878135191402	-0.08448631337319734	1	1	1
-0.20298785990907786	-0.19031748024017667	1	1	1
0.0263743610130639	-0.04301262271180002	1	0	2
-0.17788770915321528	0.18276681925860433	1	1	1
-0.07257324226900058	0.13268427929022114	1	1	1
-0.030753166044489005	0.25767170905961195	1	1	1
-0.15607619097785663	-0.22433621811330662	1	1	1
-0.04778166216129657	0.12164306056630048	1	1	1
-0.1841261990028192	-0.012311033357434904	1	1	1
-0.24607326313454606	0.2354325199422892	1	1	1
0.04119553216954045	-0.2729346922294567	1	0	2
-0.10492005818861457	0.2882755125112601	1	1	1
-0.16349221418212706	-0.1590095164761229	1	1	1
-0.09676037212158844	-0.12707563593497437	1	1	1
-0.3006577034938055	0.16949140699482645	1	1	1
-0.0023045940121507644	-0.1137090641466905	1	0	2
-0.07658304755466162	0.3074213331972318	1	1	1
-0.0052755780040379015	0.015276610536865614	1	1	1
0.003597714641618322	0.11671064864661726	1	1	1
-0.22289082379451908	0.025324869210718626	1	1	1
-0.10517561199995955	-0.04888726490608615	1	1	1
-0.1120854071157063	0.16683024951237793	1	1	1
-0.02444098005455025	0.22737625440506323	1	1	1
-0.20234325019587826	-0.09515377235513053	1	1	1
-0.08886389454140443	0.17342293184741703	1	1	1
-0.3428721664521131	-0.08281450804370336	1	1	1
-0.14775144146617528	0.042426303719999	1	1	1
-0.0877034104192763	0.09104394916501289	1	1	1
-0.18856461207086525	-0.16068951603030118	1	1	1
0.13417240256571578	0.3090083189187155	1	0	2
-0.1321447886530791	0.12510091329916997	1	1	1
0.005199334214318316	-0.05595546524738247	1	0	2
-0.06850008126690381	0.18574000744703398	1	1	1
FileKirshner_2t_merged_sel_norm_log.tsv0.693
-0.046980018300655076	-0.005853503322559024	0	0	0
-0.173099790811768	0.23613722600081163	0	0	0
-0.13319594763512832	0.09319205574510049	0	0	0
-0.07564371574223412	-0.004635222240266088	0	0	0
-0.30350745254180334	-0.0009119441804983609	0	0	0
-0.2714626059681729	0.19162347417503262	0	0	0
-0.3805663891202925	0.17132067344484314	0	0	0
-0.022940930228229184	0.09890051579308035	0	0	0
-0.12832115469307728	0.2805891346345627	0	0	0
-0.05862719499065706	-0.12396032627817954	0	0	0
-0.14844324777879503	-0.02348495662966685	0	0	0
-0.07780172456019262	-0.1595165411960805	0	0	0
0.0037297184286950932	0.40671604129520506	0	0	0
0.21644129282200877	0.23346556982480224	0	1	2
-0.11845248262048363	0.13190308457435873	0	0	0
-0.2066788603044892	-0.22322287763777532	0	0	0
-0.17102898925817908	0.007039674103973404	0	0	0
-0.14768111094150582	0.19895674030090466	0	0	0
-0.11587398398814465	-0.259722953672707	0	0	0
-0.2976809957494666	0.16080044548825762	0	0	0
-0.29768976553838383	-0.12271641036685264	0	0	0
-0.15035614923508672	0.17930960528591883	0	0	0
-0.1396004909508087	0.014366608531448562	0	0	0
-0.11262246706746847	0.025843191984752864	0	0	0
-0.19454958544978784	0.14681787242003744	0	0	0
-0.21801055350376078	0.04282626694034935	0	0	0
-0.14457167085339886	0.0424121709911857	0	0	0
-0.2753410153402497	0.05402257502104538	0	0	0
0.012969389806972431	0.08557162970388082	0	0	0
-0.1633930333747205	0.04321445391005382	0	0	0
-0.1945091959184279	0.20892557594967615	0	0	0
-0.03944587715412877	0.050264081415388906	0	0	0
-0.18597051012628707	0.27919983367602963	0	0	0
0.2092823771451714	0.3270759071924007	0	1	2
-0.140832323237382	-0.0741122910802654	0	0	0
-0.14555301927552733	0.08127992145687472	0	0	0
-0.20716557602075616	-0.24517594712922375	0	0	0
-0.07299573488949034	0.036228186574953934	0	0	0
-0.05900543701098377	0.0786281333682756	0	0	0
0.31191916012715415	0.028910815491355404	0	1	2
0.08936612158591338	-0.010384297394752445	0	1	2
0.3047726215149038	0.1284275077346273	0	1	2
-0.08259658343724598	0.29985347090502534	0	0	0
-0.07102056583109205	0.144342046017313	0	0	0
-0.17816743593817216	-0.03955703472636377	0	0	0
0.2264597589519257	0.3159388946166976	0	1	2
0.35425047700459644	0.006035422780727286	0	1	2
0.1054553970847688	-0.29857287585867237	0	1	2
-0.21696231122034532	-0.03247957486238441	0	0	0
-0.1858767146177781	-0.07772247793386736	0	0	0
-0.012281871068467672	0.12576869257926196	0	0	0
-0.19244992646549158	-0.0012511290102573366	0	0	0
-0.022421390866184953	-0.08390404377578613	0	0	0
-0.023184927788088814	0.17567240594090205	0	0	0
-0.13640533920942044	0.052817865616856245	0	0	0
-0.07343696479076532	0.17526390629136945	0	0	0
-0.048075576824011895	0.24194800187882426	0	0	0
-0.09286008297793057	-0.09797439885793002	0	0	0
-0.11369210244789806	-0.0032690061113865073	0	0	0
-0.1617861535487118	0.08828839043594956	0	0	0
0.07173717165924919	0.3720898557890194	0	0	0
0.07224794440301699	-0.21038404791122936	0	1	2
-0.00041091879476643173	0.05595643141683407	0	0	0
-0.0012059339003285049	-0.010325199043065798	0	0	0
-0.02945838346274283	0.28690002413089843	0	0	0
0.1988390228064859	0.22264926755369385	0	1	2
0.0443580978024976	-0.2177066618367948	0	1	2
0.030596537315566788	0.2158011215670548	0	0	0
0.08459536860634777	0.13294226854115004	0	1	2
0.21062171620242348	-0.29588402908774575	0	1	2
0.2005444856366878	0.08993969308978189	0	1	2
-0.11334414020224753	0.23372353010913735	0	0	0
0.2829891673019652	0.28578335079383904	0	1	2
-0.16044885629383457	0.14107551904789536	0	0	0
0.030595015704501634	0.031026606489718153	0	1	2
-0.030427910654844913	-0.2837644670220873	0	1	2
-0.07712808979976826	0.06872938089228975	0	0	0
0.14448761923454834	-0.20921335218049067	0	1	2
0.12053588801080642	0.1423413427695614	0	1	2
0.025188743227451883	-0.16043140118141996	0	1	2
-0.24091945647465918	-0.1991288334249763	1	0	2
0.24627584982550219	0.09357700619958328	1	1	1
0.17512151489602307	0.07516010173547713	1	1	1
0.10690817426999845	-0.23840942246478186	1	1	1
0.1870781590828217	-0.16845263686698933	1	1	1
0.055617946741678005	-0.045502951738424446	1	1	1
-0.08415149645232137	-0.0620538082464422	1	0	2
0.01096304319208457	-0.3203697855971648	1	1	1
0.16845005692205267	0.24799859564137364	1	1	1
-0.09508828745472943	0.12113957618392782	1	0	2
-0.40754513880173276	-0.04174231619923267	1	0	2
0.18712196073281445	0.007626843642152951	1	1	1
-0.11120329867172765	-0.026842676810650726	1	0	2
-0.2982540068944052	-0.35014154392041646	1	0	2
0.04513404793884735	0.2879558154248226	1	0	2
-0.1252073950169405	-0.0777648829372163	1	0	2
0.22208307666257943	-0.15319345576169321	1	1	1
-0.046525564894170875	0.023498072157714756	1	0	2
0.07406157127146798	-0.34104470435350437	1	1	1
-0.22579877306495225	0.2306539470609078	1	0	2
-0.13901750382122094	-0.24242177904218656	1	0	2
-0.19455809968338764	0.04514158359409511	1	0	2
0.048348928298395294	-0.3109409005100812	1	1	1
0.23689218113254976	-0.25495319859341475	1	1	1
-0.20882998826164867	-0.15659745563294447	1	0	2
0.15350626316208005	-0.3244220848949065	1	1	1
-0.2638582738416012	-0.024857423624521414	1	0	2
0.06995871219225056	-0.1113752618782352	1	1	1
-0.025378544668460738	-0.2054601118974907	1	1	1
0.3541507472509517	-0.16106161927565318	1	1	1
0.07279370460513793	-0.15869922900168004	1	1	1
-0.14358856659724833	-0.15921097368616943	1	0	2
-0.014824918883575502	-0.380726139011377	1	1	1
-0.1219228781532413	-0.12196547676861536	1	0	2
0.1887434883920997	-0.05287672586923092	1	1	1
-0.07686859827091717	-0.2661761040025929	1	1	1
0.10753903372418988	0.0881980832355605	1	1	1
-0.27525536353289487	-0.16937273577282302	1	0	2
0.0029749776616736297	-0.22035036432637714	1	1	1
-0.270853727488968	-0.06759921384827819	1	0	2
0.2070358744049491	0.01367025441264538	1	1	1
0.03756794649314342	0.001977309759410254	1	1	1
0.25113299966294145	-0.20988436759499116	1	1	1
-0.07970016320280408	-0.03410483164412918	1	0	2
0.12103435747180624	0.05495497487332683	1	1	1
-0.1291131053532429	-0.21035482132442626	1	0	2
0.2473559336763523	-0.051491350755342676	1	1	1
0.25714283695286105	-0.08434776072352175	1	1	1
-0.3892926868204294	-0.13201215440353162	1	0	2
0.16823081577602614	-0.14121539108442416	1	1	1
0.3204257428814269	0.2612991755654576	1	1	1
0.19465106174149469	0.04613656343678254	1	1	1
0.08878749449620084	0.032202919128612555	1	1	1
0.25001168850985006	-0.10448826344381798	1	1	1
0.30039036828348603	-0.035131007141605934	1	1	1
0.04498718612409022	0.07857666599761388	1	1	1
-0.014431881697992763	0.16176584763733864	1	0	2
0.1250614143487846	-0.08168692018997123	1	1	1
0.16446755264998453	-0.013984909240609411	1	1	1
0.0374976697521427	0.1629795343321054	1	0	2
0.14340141382476515	0.12696675640086566	1	1	1
0.11221560739331458	0.3969585931352442	1	0	2
0.32891966175716625	-0.09710952856211201	1	1	1
-0.04415636651246338	-0.2119211137274885	1	1	1
0.02547824985782705	-0.08688289736405201	1	1	1
0.23157355059801088	0.04558095556986312	1	1	1
0.15637046657345918	-0.06289760469083086	1	1	1
0.2133120793186467	-0.019777508389672724	1	1	1
0.1958863046772517	0.12160022198584929	1	1	1
0.2916976243198246	-0.2150809669517888	1	1	1
0.008138710313993412	0.03200114458697522	1	0	2
-0.22159294317034978	0.08930819637894341	1	0	2
0.19084704074972433	-0.20408182506327033	1	1	1
0.22303309477425898	-0.10033275990953881	1	1	1
0.24830975674744857	0.03846234650057786	1	1	1
0.394099950316156	0.13833302969028197	1	1	1
0.02086145634798459	-0.06147677616656799	1	1	1
0.08630095764355461	0.21930800660003033	1	0	2
0.03195452302946456	0.26005675938295314	1	0	2
0.0013868524043706427	-0.045642974698467675	1	1	1
-0.04466193755364184	0.13143024524476607	1	0	2
-0.009326166253211405	-0.13838826624018896	1	1	1
0.1832458800304184	-0.08039367608581359	1	1	1
-0.039647304596886646	-0.09585175267432715	1	0	2
0.10972929835014562	-0.16037037130490825	1	1	1
-0.09343633618229832	-0.234615001916468	1	0	2
FileGSE59114_C57BL6_merged_sel_norm_log.tsv0.918
-0.1181609063634434	-0.1177985603854095	0	0	0
-0.05179566653042649	-0.007043789506993685	0	0	0
-0.21848121320179645	0.02170032537584229	0	0	0
-0.15316305560083462	-0.05317115322261179	0	0	0
-0.14337169099695532	-0.031043297527628272	0	0	0
-0.18278478928181233	0.06333844910609703	0	0	0
-0.11500932796110051	-0.005708725912324984	0	0	0
-0.023577847186926463	-0.09259707747446105	0	0	0
-0.1895259213693452	0.1366044320568569	0	0	0
-0.12621253226027593	-0.1086100938695524	0	0	0
-0.09820935239127734	-0.01777674367678768	0	0	0
-0.11760518163901415	0.1038158095124828	0	0	0
-0.07021061407742774	0.011063948258470612	0	0	0
-0.177084143140094	-0.06230395664357067	0	0	0
-0.06526440354852212	-0.0872287785025867	0	0	0
-0.09400542710973064	-0.07573268649873198	0	0	0
-0.001750067646837784	0.004417113956940261	0	0	0
-0.17613383921171322	-0.05087219648316096	0	0	0
-0.1252827292592966	-0.13933670712420054	0	0	0
-0.13344666423352866	-0.1130676083925419	0	0	0
-0.1504308822915228	-0.10224484794840716	0	0	0
0.00992953207077805	-0.06652704715550993	0	1	2
-0.1782924921207175	-0.03137065163577866	0	0	0
-0.1970387562613708	0.04261313644203659	0	0	0
-0.04145428431219832	-0.16557522695222474	0	0	0
-0.009553607314178978	-0.13062040722880713	0	0	0
-0.06442529121002333	0.20435054210226677	0	0	0
-0.11690111118840606	-0.09386344172124365	0	0	0
-0.15243511050486247	-0.07333490054888041	0	0	0
-0.1768066244375787	0.10200199155831734	0	0	0
-0.08658591854106608	-0.20255202331310976	0	0	0
-0.04330816916570333	-0.10032447557340449	0	0	0
-0.028998662462333794	0.12069185750654156	0	0	0
-0.06687967663358063	0.0856939808283794	0	0	0
-0.19752197886771186	-0.0733348320306752	0	0	0
-0.06424627038717559	-0.03786627731938738	0	0	0
-0.007262514111233492	0.1889797872063713	0	0	0
-0.09321865832320986	0.00391256527201932	0	0	0
-0.11743324004038881	0.16722400335370768	0	0	0
-0.0777475179305544	-0.02330457631175515	0	0	0
-0.1603663496642981	0.09409035435794852	0	0	0
-0.16819631657762904	-0.04777687627918297	0	0	0
-0.08967788192841163	-0.09498961675419865	0	0	0
0.05108548137977535	0.19845488674230444	0	1	2
-0.04846922350217047	0.11169467315726653	0	0	0
-0.08313470178192407	0.009191132298833738	0	0	0
-0.13222395697188755	0.1812635299858585	0	0	0
-0.07173774300409966	0.16051946215372107	0	0	0
-0.20126858514581805	0.09664250569413178	0	0	0
-0.0021156902570838346	-0.1615514325831019	0	1	2
-0.20664022770446924	-0.041343647652925065	0	0	0
-0.05686965899240393	0.1519539525308764	0	0	0
-0.10271050261922242	-0.17070535725379374	0	0	0
-0.05550042692098988	-0.15311493051127859	0	0	0
-0.11252337898152279	-0.14155024878719064	0	0	0
-0.13813589060060827	0.006844814609144388	0	0	0
-0.2019183727652202	0.04754275501911968	0	0	0
-0.08254854700391631	-0.140284374072804	0	0	0
-0.06485949211778655	-5.560555767392955e-05	0	0	0
-0.0816483244298789	0.03203160997132267	0	0	0
-0.12552570916013972	-0.11998219979117639	0	0	0
-0.19943686964762788	-0.006550716681133636	0	0	0
-0.07873093999111057	-0.1271148561895033	0	0	0
-0.10700002259741395	0.004456623636997633	0	0	0
-0.09397863919868538	-0.10690401936110319	0	0	0
-0.19396791679901737	-0.03501874641379284	0	0	0
-0.018834072805240295	-0.16891052612083482	0	0	0
-0.14662834563661753	0.049561473982916694	0	0	0
-0.20528908192275952	0.04850070492582494	0	0	0
-0.053084375541386584	0.2106331592980876	0	0	0
-0.07589881264366238	0.16790648190814095	0	0	0
-0.08247870414717022	-0.07947235202842633	0	0	0
-0.17428019891834584	0.050506196404114224	0	0	0
-0.16232297171918694	-0.1298270417965111	0	0	0
-0.12166385106888164	0.0641469770810344	0	0	0
-0.005458925581628751	0.15015842341985422	0	0	0
-0.1218538607197564	-0.06304833001830465	0	0	0
-0.08008592960191213	-0.033117995000146845	0	0	0
-0.19038730198306764	-0.0976841918350438	0	0	0
-0.11956992171647693	0.08624445972939195	0	0	0
-0.18175250968663995	0.09598648761505614	0	0	0
-0.1517693361024477	-0.012619467431478841	0	0	0
-0.1368149583560229	0.15560612943773777	0	0	0
-0.11460963525625842	0.011304883650221833	0	0	0
-0.12351077777793264	0.09965919334930282	0	0	0
-0.024345648963433913	-0.07706314447389714	0	0	0
-0.09157442070977818	-0.13904347251191185	0	0	0
-0.023330461061559053	0.023694294993419976	0	0	0
-0.06355382455121998	0.029815264874871843	0	0	0
-0.1310591887621637	0.15529809188195526	0	0	0
0.013390879430795652	-0.13032478217197427	0	1	2
-0.16558691985290977	-0.008217328775780252	0	0	0
-0.07894476913872533	0.11875004765469453	0	0	0
-0.07697845713880257	0.05075760692965438	0	0	0
-0.10139404434542447	-0.02597249417871519	0	0	0
-0.14207672968862647	0.011933498558145288	0	0	0
-0.11302808139099321	0.16516978455123765	0	0	0
-0.03721207773717807	-0.031630678758064516	0	0	0
0.043287345666262037	0.15726905395719015	0	1	2
-0.09158061731022914	0.08832684413420042	0	0	0
-0.10260050055380848	-0.1829417796834824	0	0	0
-0.13837129852968205	-0.015678688730624807	0	0	0
0.013891813646140479	-0.0373654866536433	0	1	2
-0.18956282548169273	0.017613014116274733	0	0	0
-0.10645964048028908	0.01490479385583709	0	0	0
-0.09603916450259618	0.16267626149526948	0	0	0
-0.08542382770576468	-0.052131894271738234	0	0	0
-0.0787590140791382	-0.06724947161314532	0	0	0
-0.20246275423680377	-0.026709199032706313	0	0	0
-0.11744800158772606	0.021390246710662583	0	0	0
-0.07459062675560375	0.10300102373331234	0	0	0
-0.1353372819783864	-0.0875134130945595	0	0	0
-0.1368407926415837	-0.07930577392098125	0	0	0
-0.019229586542821916	-0.04899899580640377	0	0	0
-0.10924944310030357	-0.004844069239401839	0	0	0
-0.15068459773649684	0.0681231963166449	0	0	0
-0.14177681714875576	0.07859973378159558	0	0	0
-0.1589083295641642	0.10144122024722188	0	0	0
-0.102895656662438	-0.035691426829139075	0	0	0
-0.11706474578210421	0.13870935076634083	0	0	0
-0.06870105681598301	-0.056626656982360406	0	0	0
-0.18948918744550114	0.045378096877235194	0	0	0
-0.17171769772933287	-0.038318738269144725	0	0	0
-0.04345004187775417	-0.019063101686004672	0	0	0
-0.031020349496833327	-0.009909065476125219	0	0	0
-0.05807776494609981	0.18897425653646224	0	0	0
-0.14250546817333193	-0.02292368196626804	0	0	0
-0.05980997409910727	-0.1774793963572722	0	0	0
-0.025420486931014966	0.16322375378010945	0	0	0
-0.15661172715103053	-0.11778012499303332	0	0	0
-0.12413439588011081	0.11647909011382229	0	0	0
-0.05525358034144456	0.05441820401950851	0	0	0
0.040599295289090336	0.08377924332125923	0	1	2
-0.18540109331605292	-0.011160212073568479	0	0	0
-0.09061973393737535	0.03464529408533461	0	0	0
0.05432583803893389	-0.08793308927970479	0	1	2
-0.009769005523157204	0.13820874702129324	0	0	0
-0.06873252907178591	0.05745044109285873	0	0	0
-0.16258375283375098	-0.03679789057196993	0	0	0
-0.058705970980735794	0.13385204685297697	0	0	0
-0.018674983637906584	0.039611294270590305	0	0	0
-0.10546949497909773	0.12476612290532833	0	0	0
-0.1642559351837871	-0.02416524347202215	0	0	0
-0.04301703075492639	-0.0754639060150985	0	0	0
-0.11968719337736682	0.07369693889739186	0	0	0
-0.1115793143865646	0.07111078101992173	0	0	0
-0.13281870659245187	0.08862556001077918	0	0	0
-0.1635919336025553	-0.08527457883499855	0	0	0
-0.014515063982125724	0.11790705823699696	0	0	0
-0.085945148182312	-0.01569252994429075	0	0	0
-0.1395838446532984	0.09340156398534556	0	0	0
-0.11329656621574967	0.1119300138840861	0	0	0
-0.10142783079290388	-0.12191252272939454	0	0	0
0.011466808456016483	-0.1896925182064275	1	1	1
0.04771531667781543	-0.16763860753483154	1	1	1
0.03006296002582778	-0.01674122973574324	1	1	1
-0.02405324129903758	-0.17995637409396475	1	0	2
0.16932197387342554	0.033944316969051404	1	1	1
0.053095386364769674	-0.18992640440667052	1	1	1
0.12648650644717474	0.015747370682118653	1	1	1
0.13811404310164083	0.06691921657247497	1	1	1
0.05784302903749731	0.08017808728128656	1	1	1
0.1426242885233194	-0.05370960568845897	1	1	1
0.17622919038540105	-0.006780874785079363	1	1	1
0.03390725888562814	0.18658269108065176	1	1	1
0.02613853501234524	-0.06428155268464959	1	1	1
0.02567057340333606	0.13980118089529178	1	1	1
-0.008090253257996755	-0.10993436520644426	1	0	2
-0.03615166040700978	0.13835817685914253	1	0	2
0.09545076209883543	0.06549744691193524	1	1	1
0.06434589916624743	0.11079333067629847	1	1	1
0.05979180854153091	0.17421848100489737	1	1	1
0.12499554397757134	0.0911821172431841	1	1	1
-0.041626154054795944	0.165995273482665	1	0	2
0.02716378035105639	-0.1611860128749136	1	1	1
-0.06733679297424153	-0.09942543163656971	1	0	2
0.14003768823099288	-0.11374169040361007	1	1	1
0.14545188991753108	-0.0965960647642572	1	1	1
0.030331658431468823	0.10549611339333705	1	1	1
0.04075778271077949	-0.07348720849172391	1	1	1
0.040548235483367945	0.04058328275047516	1	1	1
0.044127176385771634	0.029139350743766945	1	1	1
0.12139671045496471	0.022387318722661947	1	1	1
0.19520429566942923	0.02591184890464267	1	1	1
0.1281023087113721	-0.16911304353876794	1	1	1
0.07862355031118651	-0.05093258434725796	1	1	1
0.12279585221884974	0.05161816690041005	1	1	1
0.06732642544307314	0.16163834757842652	1	1	1
-0.1558619496590182	0.11702692890026738	1	0	2
0.05142451293391332	-0.11389735922570479	1	1	1
-0.058883643603088176	-0.1389592830044761	1	0	2
-0.008098970168410859	-0.1807414836269429	1	0	2
0.020419791564896858	0.18174351536175581	1	1	1
0.2198399139925269	-0.0007064260793443327	1	1	1
0.17561482137042475	0.11708475985742998	1	1	1
0.00860353508724787	0.0723736920535573	1	1	1
0.0765554671005532	0.12949531304228254	1	1	1
-0.0215938907466797	0.04803461041385349	1	0	2
0.1489501077405389	-0.0479801768035631	1	1	1
0.06729886606415818	-0.056075909513811535	1	1	1
0.19218418792551212	-0.04479279520331418	1	1	1
0.09096040552546074	-0.05260609640732874	1	1	1
0.11369805270839148	-0.13146934570415053	1	1	1
0.05999994213850552	-0.0030933116252276653	1	1	1
0.07520887832558854	0.04325135834946363	1	1	1
0.08711242408565602	-0.1739927798253212	1	1	1
0.1789203250753976	0.06943304599575507	1	1	1
-0.009795920473334874	0.16242138921520627	1	0	2
0.05520894217085797	-0.014082790568769153	1	1	1
0.13172088784910768	-0.01567527300513153	1	1	1
0.19820817202589847	-0.017405340196174315	1	1	1
0.10179580993641948	0.11781876949242921	1	1	1
0.12437092663072205	0.09843378039855515	1	1	1
0.08698476179162044	0.17575162973324346	1	1	1
0.08747528426985957	-0.14406004291180222	1	1	1
0.16539740417574697	-0.01639071241582859	1	1	1
0.14988174348809422	0.08299551618412719	1	1	1
0.176300719297976	0.026352010897601398	1	1	1
0.058663416854343654	-0.14222685754181583	1	1	1
0.12325416842083399	0.043344410703525925	1	1	1
-0.03034940181896495	-0.15138724002947726	1	0	2
-0.07641890558828243	-0.16744552375735502	1	0	2
0.021438496390278648	-0.11967104591266899	1	1	1
0.010626174414249144	-0.08356343889335237	1	1	1
-0.029602410748899858	-0.12814466505990305	1	0	2
0.20561185133034696	-0.08378447618145797	1	1	1
0.04193877797926207	-0.10798050282592889	1	1	1
0.04407099753162349	0.1438111846008285	1	1	1
0.13245475467078222	-0.1017093283449373	1	1	1
0.17518112871709057	0.10933722698444633	1	1	1
0.09889481136181995	0.0022322025678758336	1	1	1
-0.03752787751840764	0.07527989492883388	1	0	2
0.1464466517487098	0.025723230618918576	1	1	1
0.06526111041192746	-0.07610055762561779	1	1	1
0.13333746263032709	-0.07180388123360162	1	1	1
0.06910181914098688	-0.16229126370464494	1	1	1
0.011560832024239602	0.20029410146201676	1	1	1
0.20980930467753772	-0.11513962691007516	1	1	1
0.10587228522487808	-0.1418554127977232	1	1	1
0.12836509153241235	-0.028951432124435947	1	1	1
0.037411946888078806	0.2013576519086568	1	1	1
0.16418281579434982	0.09758655313863596	1	1	1
0.04611309169144976	0.00849442086739007	1	1	1
0.1609915250667166	0.14533607407510557	1	1	1
0.029070877489319368	0.05179868713478015	1	1	1
0.15640447157169074	-0.027975965960465542	1	1	1
-0.027698391604902676	0.20604695933211903	1	0	2
-0.01415194451648337	-0.05781274190656729	1	0	2
0.14674083243076327	-0.11531596190990036	1	1	1
0.1955763677872112	0.04684908499360298	1	1	1
0.0052941543813526575	0.03612814490919586	1	1	1
0.11015555663633722	-0.09678040304452284	1	1	1
0.11953226467348277	-0.052727739123826396	1	1	1
0.0812258180488605	-0.03363154318575234	1	1	1
0.20997168391605753	-0.038443744078610245	1	1	1
0.1174679557119404	0.08529043453913586	1	1	1
0.09906362017206076	0.03971655932931182	1	1	1
0.14872147464020657	-0.03872856561063654	1	1	1
0.14067620496644295	0.05012381877696499	1	1	1
0.16548664006339323	0.07359011374463224	1	1	1
0.18033297034030926	-0.06733739141728878	1	1	1
0.07583942000692044	-0.09699480325242617	1	1	1
0.19025618871457545	0.065854516257143	1	1	1
0.05591349200721966	-0.06718753526153351	1	1	1
0.08252682359355464	0.08254098487309268	1	1	1
0.10748864473899053	-0.0716149082836524	1	1	1
0.185638974685616	-7.22898288408911e-05	1	1	1
0.17285074120131066	-0.05540676416982783	1	1	1
0.13777219337529945	-0.13567950061484846	1	1	1
0.0725638915736904	0.015728864554920643	1	1	1
0.10576108678967135	-0.08358370301675012	1	1	1
0.08389796070061484	-0.15629928897945836	1	1	1
0.10905118904397208	0.13283680450101074	1	1	1
0.0921958880966769	0.14617772219881658	1	1	1
0.17888406070506063	0.14624206085246855	1	1	1
0.13006873794282672	0.15995418444003978	1	1	1
0.09065626141303458	-0.11062969375999078	1	1	1
0.1571634520536591	0.12545634246980297	1	1	1
0.048473330400943246	-0.12440955183953405	1	1	1
0.12789378361792397	-0.08596516757700619	1	1	1
0.1471284983987424	-0.14354305964081948	1	1	1
0.14585176383018225	-0.025549508617080503	1	1	1
0.07471149064065763	-0.015373877504507137	1	1	1
0.051626507419993764	0.03805818596451052	1	1	1
0.16257465099884147	-0.07593515941718537	1	1	1
0.14791284102778784	-0.06339583564268583	1	1	1
0.13760999014919592	0.18747940095730536	1	1	1
0.02379425413154894	-0.1949630982842359	1	1	1
0.0989048049253185	-0.017999676204844935	1	1	1
0.024399041119801998	0.06655865732651778	1	1	1
0.11178064600518418	-0.16123654320895445	1	1	1
0.1572959049110355	-0.08560849619069286	1	1	1
-0.0331315176662658	-0.04598443378772894	1	0	2
0.20480624747039353	0.02681245361614997	1	1	1
-0.038555515774831677	-0.08605900336010064	1	0	2
0.08938577183437446	-0.1397753665601735	1	1	1
0.04361206880739939	-0.14743884554653636	1	1	1
0.013947641859010356	-0.008274612156724991	1	1	1
0.1880139161318068	0.03748330459007526	1	1	1
0.011231957434114275	-0.1746649637650819	1	1	1
0.18562073019806613	0.05562656134074834	1	1	1
0.02037782019067889	0.1092103281060554	1	1	1
0.12634821568666368	0.12428772314316043	1	1	1
-0.17394216705668922	0.034265578169616215	1	0	2
0.14615651454371212	-0.10281368321149667	1	1	1
0.0627255022144965	0.1480110668899957	1	1	1
0.005961442431118898	-0.12313274813418133	1	1	1
0.07803896619675602	0.03858673142891736	1	1	1
0.06796566645189282	-0.03395570326274811	1	1	1
0.03841232322533245	-0.2130597018865175	1	1	1
0.015341230672653527	0.0027356671803426434	1	1	1
0.11608151880643536	-0.07074842876216071	1	1	1
0.10722626517065699	-0.05546487141282181	1	1	1
0.15574292696314687	0.03779799155853042	1	1	1
0.08759258768532097	0.048622784602141894	1	1	1
0.10675659058727706	0.10649408986412585	1	1	1
0.11876259819256108	0.1460758674577166	1	1	1
0.04720182240729446	0.16720799355989063	1	1	1
0.17475355677185642	-0.034675604432893595	1	1	1
0.1463038021239869	0.10148771497378486	1	1	1
0.16340976302881577	-0.050054813251161116	1	1	1
0.19172926889366623	0.02765519649044162	1	1	1
0.19972153637386192	0.0042689016436484985	1	1	1
0.13049310639579104	-0.006391508153709334	1	1	1
0.11572535221157373	-0.11425396091594352	1	1	1
0.14139844031744148	0.13786836948877426	1	1	1
0.1298323721092165	0.0725810790097398	1	1	1
0.038955944178924645	0.05933719742938133	1	1	1
FileGrover_count_filteredcorr_sel_norm_log.tsv0.94
-0.21838391363767523	-0.11310689684136897	0	0	0
-0.1913920994812177	-0.11642017112605463	0	0	0
-0.21194890696119542	0.020617559971534333	0	0	0
-0.011119655107123323	-0.2219619201535611	0	0	0
-0.030248471754892887	-0.17190800379898982	0	0	0
-0.11233675205360268	-0.09191565991675105	0	0	0
-0.18097896873965932	-0.08612497699011085	0	0	0
-0.11952830559865893	-0.039864046968028345	0	0	0
-0.09049025720740768	-0.12317224779376225	0	0	0
0.10786828664482119	-0.1831219790953723	0	0	0
-0.15486359788794787	-0.1417094190661032	0	0	0
-0.034793249009488325	-0.24692856020672277	0	0	0
-0.14298000753465556	0.07880864242187895	0	0	0
-0.11697655512037824	-0.2195942642287449	0	0	0
-0.14061258585084802	-0.23484311037876748	0	0	0
-0.1926760486422712	0.007859117639080555	0	0	0
0.11168833826710524	-0.14166516837753665	0	0	0
-0.23928087794391217	0.050243905517662404	0	0	0
-0.22100968527111767	-0.1743246607311234	0	0	0
-0.1858583419765534	-0.16250830594182317	0	0	0
-0.11859533447840877	-0.15905917622798513	0	0	0
-0.20256406790945955	-0.21779954443663063	0	0	0
0.010328576345287646	-0.25965868107540413	0	0	0
-0.21404758867441645	-0.15202239908423237	0	0	0
-0.06703413011115997	-0.14761311194544083	0	0	0
-0.07682004580673733	0.03729156924321954	0	0	0
-0.39850108533192796	0.16137841490554466	0	0	0
-0.060288494435916155	-0.17946437750747796	0	0	0
0.08197388049790295	-0.18521394255968726	0	0	0
-0.0008698957389763638	-0.08740790549226707	0	0	0
-0.07294827756060689	-0.26396926082871985	0	0	0
-0.0032427243481998385	-0.23864154764566697	0	0	0
0.03322759160355427	-0.212225338134231	0	0	0
0.1532496991621439	-0.1589847501393232	0	0	0
-0.0999065291653074	-0.058932092270227186	0	0	0
0.06470359639612559	-0.2587802311740861	0	0	0
-0.24520053236728184	-0.10139455343586472	0	0	0
-0.050717645431565574	-0.22005719148870942	0	0	0
0.11568071822817017	-0.2346109568698388	0	0	0
-0.0375023469708352	-0.03461266216480769	0	0	0
-0.23123334940941775	-0.0640564034757904	0	0	0
-0.19504498624004626	-0.06699308855876056	0	0	0
-0.2589188907679681	-0.051375122133799356	0	0	0
-0.07568208348448001	-0.23618431510401375	0	0	0
-0.07174860070103993	-0.08214180673801563	0	0	0
-0.20225873488103877	-0.1864326285405163	0	0	0
0.005296406676664144	-0.3091048776500725	0	0	0
-0.10771887673658308	-0.19945202911544802	0	0	0
0.017046267546310164	0.15026136962543787	1	1	1
-0.12364518609684116	0.17729493539213353	1	1	1
0.0951072127599944	0.03198215990233787	1	1	1
0.09713776039549117	0.1711907296496348	1	1	1
0.03928461017474852	0.08601631721043843	1	1	1
0.0454868080723667	0.11049204109484424	1	1	1
0.016925886664149334	0.4126220156968354	1	1	1
0.24195981353095433	-0.04244471280265794	1	1	1
0.002200380010025856	0.08066774795563052	1	1	1
0.11448244705431262	-0.0013890105640543477	1	1	1
0.06080525949180993	-0.06484284120822863	1	0	2
0.22238423767223886	0.0038391569136517053	1	1	1
0.06845714705816716	-0.11348826840914522	1	0	2
0.08641450479797713	-0.018711301863742456	1	1	1
0.09099234029535802	-0.08945699808352221	1	0	2
0.19937549628745072	0.04092153910650058	1	1	1
0.04379848282115193	0.23065080559945755	1	1	1
0.05533879599542606	0.445962226045392	1	1	1
0.13353317417425134	0.07967489380548409	1	1	1
0.019629220468803825	0.18752442439971326	1	1	1
0.1648262398133591	0.05140778450637509	1	1	1
-0.13326387904197765	0.12181975972201664	1	1	1
-0.03801295295909984	0.12960972014865718	1	1	1
0.11902841509508408	0.1624324790520702	1	1	1
-0.02802035903208228	0.10575523618046365	1	1	1
0.09380603187057615	0.08632451506848889	1	1	1
0.20018348755818774	0.17334670425863014	1	1	1
0.1331782795302173	-0.0741518687009936	1	1	1
-0.07041397523389026	0.11350121302243266	1	1	1
0.19467330123335014	-0.08015751518706278	1	1	1
-0.09078380355433861	0.0632630954161883	1	1	1
0.1724842554893359	0.13833169486784477	1	1	1
-0.10021872377620741	0.12706419563695287	1	1	1
0.20563710841820684	0.08850292939593302	1	1	1
0.11494530361826127	0.18721406089132356	1	1	1
-0.03750979135420794	0.07305810475126293	1	1	1
0.02241954605013304	-0.13766992965983335	1	0	2
-0.22924889250187694	-0.015910380774456456	1	0	2
0.09214371464276072	0.1380306829057408	1	1	1
0.2441843069260645	-0.16208932732694822	1	1	1
0.11002514979246489	0.13118592994422684	1	1	1
0.06862720901725583	0.1531020666251889	1	1	1
0.21086558427753624	0.12498862081152687	1	1	1
0.03327690220521449	-0.012498832405511737	1	1	1
0.2481140460356855	0.03888781279940872	1	1	1
-0.05640961972143258	0.20159928831952412	1	1	1
0.16440230141680212	0.030386030329721342	1	1	1
-0.12497276216932202	0.26993934126007646	1	1	1
0.07963277027476907	0.10095531481792437	1	1	1
0.16437597148390987	-0.054051242789448874	1	1	1
0.010567355168961703	0.04250595612520939	1	1	1
0.27165824140010136	-0.00020328170431563905	1	1	1
0.1797771049153141	-0.026144894481924055	1	1	1
0.19549134231242063	0.08418909085231757	1	1	1
0.0631715056862984	0.13215564563373225	1	1	1
-0.07451451849534843	0.3459461733583029	1	1	1
0.18102397573236664	0.041052962767689716	1	1	1
-0.004560232729031451	0.19966495748697088	1	1	1
0.028707925331460896	0.2795592484749688	1	1	1
0.18447723001445074	-0.11592845679336927	1	1	1
-0.15609931467285335	0.057660330932531395	1	0	2
0.13434461310415843	0.011212509680372467	1	1	1
0.1722414782472678	-0.006175098249345876	1	1	1
0.15351050962419494	0.19465105893906284	1	1	1
-0.08478312155578678	0.16769284975243784	1	1	1
-0.08604993743454314	0.4360864070909075	1	1	1
0.12462034174567649	0.17953176078285388	1	1	1
-0.05003153240931096	0.4103971396104505	1	1	1
0.004062615943520129	-0.1076408978998006	1	0	2
