ID	Gene	logFC	ENTREZ_GENE_ID	Description	AveExpr	t	P.Value	adj.P.Val	B
17750_at	Mt2	5.0010008487	17750	metallothionein 2	7.0794366572	15.5123793844	4.40650607702789e-08	8.5025537713561e-05	8.6509482991
18828_at	Plscr2	3.5091365035	18828	phospholipid scramblase 2	6.2955672354	19.1514883954	6.25924031108366e-09	3.32130939006877e-05	10.0112361112
20344_at	Selp	3.2736876585	20344	selectin, platelet	8.2008023497	12.9635277708	2.27186161245565e-07	0.0002836486	7.3610039614
12722_at	Clca3a1	2.7016208648	12722	chloride channel calcium activated 1	8.1493741104	22.1521444298	1.60705441649485e-09	1.63031200790492e-05	10.8350344548
12166_at	Bmpr1a	2.694994289	12166	bone morphogenetic protein receptor, type 1A	5.0564550284	16.2537179288	2.8658266885177e-08	6.08271714637882e-05	8.9679883265
17059_at	Klrb1c	2.5646221613	17059	killer cell lectin-like receptor subfamily B member 1C	5.1355881878	10.1924419082	1.95144303476407e-06	0.0012943556	5.5008275322
69036_at	Zg16	2.5450903648	69036	zymogen granule protein 16	5.3008934043	11.2249747847	8.29795683089879e-07	0.0007044965	6.2607885588
17748_at	Mt1	2.3802924819	17748	metallothionein 1	9.0462385284	17.9579434303	1.13859482213858e-08	4.83333501997827e-05	9.6158383963
226866_at	Sbspon	2.2536011791	226866	predicted gene 106	5.5512177356	5.5955302386	0.0002727962	0.0286638628	0.7528332894
11484_at	Aspa	2.231535968	11484	aspartoacylase	6.6679036934	21.3240412629	2.29572367179057e-09	1.63031200790492e-05	10.6291408504
22063_at	Trpc1	2.1428738385	22063	transient receptor potential cation channel, subfamily C, member 1	4.9697958388	17.1060911098	1.78665948432305e-08	5.88805041050314e-05	9.305245239
54409_at	Ramp2	2.0128704187	54409	receptor (calcitonin) activity modifying protein 2	5.6935372716	5.4308899813	0.0003407372	0.0314441175	0.5301778984
243653_at	Clec1a	1.9839574767	243653	C-type lectin domain family 1, member a	6.9089065751	8.5617217519	8.84983278853069e-06	0.0033645612	4.1027039011
14863_at	Gstm2	1.972984103	14863	glutathione S-transferase, mu 2	6.9770358948	10.5453828588	1.44515583220996e-06	0.0010331494	5.7705408638
18414_at	Osmr	1.9726565009	18414	oncostatin M receptor	4.8603057366	6.7478384235	6.36983580684284e-05	0.0116551522	2.1967349355
12759_at	Clu	1.9332861995	12759	clusterin	8.0043452287	15.1231334199	5.56615256241224e-08	9.84513234476666e-05	8.4749206758
14579_at	Gem	1.9294713563	14579	GTP binding protein (gene overexpressed in skeletal muscle)	6.3763527872	5.1568096393	0.0004976099	0.0392838666	0.1502205259
74691_at	Tdrd9	1.8682448217	74691	tudor domain containing 9	5.5531834075	16.9528212501	1.94187763832848e-08	5.88805041050314e-05	9.2466313326
70086_at	Cysltr2	1.8587191274	70086	cysteinyl leukotriene receptor 2	7.1394519888	16.3213726426	2.75801949472537e-08	6.08271714637882e-05	8.9957884556
321019_at	Gpr183	1.8049427123	321019	G protein-coupled receptor 183	6.4018690398	7.5577973739	2.52663803848018e-05	0.0067883408	3.0990687054
11668_at	Aldh1a1	1.7955118414	11668	aldehyde dehydrogenase family 1, subfamily A1	9.2023434666	21.3155151994	2.30432792636737e-09	1.63031200790492e-05	10.6269425145
192216_at	Tmem47	1.7420037973	192216	transmembrane protein 47	4.9574556186	6.3054810969	0.0001090875	0.0160790483	1.6656299154
229474_at	Fhdc1	1.6867433334	229474	FH2 domain containing 1	6.3112032104	8.5557115929	8.90299632132164e-06	0.0033645612	4.0970441972
100503802_at	Gm10419	1.6795845975	100503802	hypothetical protein LOC100503802	7.5633843015	14.7773541465	6.88236246979661e-08	0.0001108807	8.3126857162
14255_at	Flt3	-1.6684281996	14255	FMS-like tyrosine kinase 3	5.8962549494	-14.679686945	7.31368421510816e-08	0.0001108807	8.2658275524
103967_at	Dnm3	1.6462690766	103967	dynamin 3	5.222896341	5.1403729459	0.0005092139	0.0395441186	0.1270649259
237010_at	Klhl4	1.6456271075	237010	kelch-like 4 (Drosophila)	6.9155750605	8.1077454779	1.40467550523967e-05	0.0045173087	3.6636718386
20324_at	Cavin2	1.6424776077	20324	serum deprivation response	8.3377009694	13.9556517327	1.16155132643018e-07	0.0001643595	7.903540908
57440_at	Ehd3	1.6302952059	57440	EH-domain containing 3	7.1302890429	11.879796094	4.99517139894924e-07	0.0005580132	6.6996257236
18667_at	Pgr	1.6148852799	18667	progesterone receptor	5.5197665809	6.1410361318	0.0001340864	0.0188475769	1.460937956
20377_at	Sfrp1	1.607073666	20377	secreted frizzled-related protein 1	5.660077938	9.113260324	5.17862968656053e-06	0.0023386471	4.6054426483
67374_at	Jam2	1.5837487917	67374	junction adhesion molecule 2	6.7811048272	6.6624453309	7.05358872188909e-05	0.0121717415	2.0963882793
219132_at	Phf11d	1.5684858493	219132	DNA segment, Chr 14, ERATO Doi 668, expressed	6.1304919333	6.6910820946	6.81580352466734e-05	0.0120554525	2.1301543393
56312_at	Nupr1	1.5240129539	56312	nuclear protein 1	9.294292348	8.8736595257	6.51454654931891e-06	0.002765425	4.3910263112
213391_at	Rassf4	-1.5082036618	213391	Ras association (RalGDS/AF-6) domain family member 4	5.9317835782	-9.3669333555	4.08307986004826e-06	0.0021200704	4.8260268792
50498_at	Ebi3	-1.5031169058	50498	Epstein-Barr virus induced gene 3	7.6631995001	-5.7555679464	0.0002205596	0.0250413744	0.9652653339
19272_at	Ptprk	1.502226385	19272	protein tyrosine phosphatase, receptor type, K	5.7648361806	6.6494977462	7.16404133512309e-05	0.0122626433	2.0810834838
17387_at	Mmp14	1.4773619246	17387	matrix metallopeptidase 14 (membrane-inserted)	6.1271035783	11.3421244439	7.56349863396252e-07	0.0006688969	6.3416286463
27206_at	Nrk	-1.4257750693	27206	Nik related kinase	4.8800303863	-8.0217677314	1.53657052863027e-05	0.0046591014	3.5778276782
20148_at	Dhrs3	1.4220217427	20148	dehydrogenase/reductase (SDR family) member 3	6.7554159189	11.1091125782	9.10205018470406e-07	0.0007155223	6.1798026237
225998_at	Rorb	1.4058185673	225998	RAR-related orphan receptor beta	4.7293823489	11.7874095143	5.3578532881986e-07	0.0005670484	6.6395961088
16956_at	Lpl	1.4038694688	16956	lipoprotein lipase	5.1771735831	6.8008900552	5.98151227783552e-05	0.0111382665	2.2585609469
97064_at	Wwtr1	1.3963292557	97064	WW domain containing transcription regulator 1	6.2552675811	7.6878549221	2.19287529018354e-05	0.0060446465	3.2359610794
60367_at	Il1rapl2	1.3908937212	60367	interleukin 1 receptor accessory protein-like 2	4.0831964529	7.9818177645	1.60240480013277e-05	0.0047902876	3.5376397795
14089_at	Fap	1.3889313724	14089	fibroblast activation protein	5.6063006241	5.9895842764	0.0001626584	0.0210513688	1.2688599409
12227_at	Btg2	1.3372123502	12227	B-cell translocation gene 2, anti-proliferative	6.159206376	4.6979896395	0.0009609405	0.0557266742	-0.5117256589
16476_at	Jun	1.3217589339	16476	Jun oncogene	8.8023915118	5.9922763147	0.0001620966	0.0210513688	1.2723041454
17112_at	Tm4sf1	1.3147946443	17112	transmembrane 4 superfamily member 1	4.7267511482	4.742247987	0.0009006415	0.0537135055	-0.4464787774
83965_at	Enpp5	1.3100872998	83965	ectonucleotide pyrophosphatase/phosphodiesterase 5	9.298598563	9.8518905784	2.62964986251142e-06	0.0015946948	5.2301532414
17829_at	Muc1	1.3045755932	17829	mucin 1, transmembrane	5.3848665745	9.2701871201	4.46769784868016e-06	0.0021362767	4.7426653142
15902_at	Id2	1.2709371667	15902	inhibitor of DNA binding 2	4.9381168206	5.2993853295	0.0004080876	0.0342057764	0.3493241976
22371_at	Vwf	1.2705966495	22371	Von Willebrand factor homolog	7.9631575629	11.4044042535	7.20233545385988e-07	0.0006646503	6.3841829407
83961_at	Nrg4	1.269433936	83961	neuregulin 4	6.1332869573	3.8569221035	0.0034706392	0.1142082442	-1.8043021211
12494_at	Cd38	1.2605053759	12494	CD38 antigen	6.3274051095	4.8879175709	0.0007290986	0.0483470472	-0.2338159091
18007_at	Neo1	1.25983476	18007	neogenin	6.7606807734	5.5409452474	0.0002935462	0.0292512601	0.6794774057
74413_at	Tc2n	1.2568697638	74413	tandem C2 domains, nuclear	3.8220838974	4.6639484329	0.0010102465	0.0574865485	-0.562109496
12053_at	Bcl6	1.2539522356	12053	B-cell leukemia/lymphoma 6	5.7972730926	6.0774398881	0.0001453621	0.0200344868	1.3807005811
20200_at	S100a6	1.2463915496	20200	S100 calcium binding protein A6 (calcyclin)	9.3889827447	10.4980210438	1.50383594510245e-06	0.0010331494	5.7349676784
237175_at	Adgrg2	1.2309814252	237175	G protein-coupled receptor 64	6.0155272451	10.6183810336	1.35957175520645e-06	0.0010306039	5.8250002459
56753_at	Tacstd2	1.2292780296	56753	tumor-associated calcium signal transducer 2	6.22653906	10.0317972359	2.24388958122824e-06	0.0014007811	5.3744520631
74464_at	Zswim5	1.2203189988	74464	zinc finger, SWIM domain containing 5	4.8218861382	9.2320981218	4.62985758223761e-06	0.0021362767	4.7095884474
19885_at	Rorc	1.1984313646	19885	RAR-related orphan receptor gamma	6.6455225124	4.6918017187	0.0009697087	0.055947139	-0.5208714378
26877_at	B3galt1	1.1951184841	26877	UDP-Gal:betaGlcNAc beta 1,3-galactosyltransferase, polypeptide 1	5.3603978578	11.1278650181	8.96630098271495e-07	0.0007155223	6.1929807429
224405_at	Cyyr1	1.191653799	224405	cysteine and tyrosine-rich protein 1	6.3814885401	7.2457394376	3.5762369240293e-05	0.0079141983	2.7617737256
65255_at	Asb4	1.1769378568	65255	ankyrin repeat and SOCS box-containing 4	4.4673344196	4.7395620993	0.0009041832	0.0537571102	-0.4504300097
23937_at	Mab21l2	1.1638452527	23937	mab-21-like 2 (C. elegans)	5.9856652141	5.2748889453	0.0004221463	0.0350002196	0.3153394
22359_at	Vldlr	1.1616049404	22359	very low density lipoprotein receptor	7.066892466	3.8991441151	0.0032464935	0.111140041	-1.7372278843
12364_at	Casp12	1.1613916587	12364	caspase 12	6.9809468978	9.2749653675	4.44779775260204e-06	0.0021362767	4.7468044813
56461_at	Kcnip3	1.1540817263	56461	Kv channel interacting protein 3, calsenilin	5.9725568068	6.0945836733	0.0001422249	0.019860017	1.4023898022
56615_at	Mgst1	-1.1332542013	56615	microsomal glutathione S-transferase 1	4.6647071358	-8.6328700307	8.24617032432857e-06	0.0033023578	4.169399794
71785_at	Pdgfd	1.131542331	71785	platelet-derived growth factor, D polypeptide	6.0806294201	3.5501087049	0.0056750709	0.1442555457	-2.2973336757
15378_at	Hnf4a	-1.1214607369	15378	hepatic nuclear factor 4, alpha	5.428693826	-6.8032607724	5.96477014076231e-05	0.0111382665	2.2613145867
14199_at	Fhl1	1.1091491177	14199	four and a half LIM domains 1	7.3106777473	7.1012667941	4.21581073437669e-05	0.0089480583	2.6012858514
93887_at	Pcdhb16	1.0993081483	93887	protocadherin beta 16	4.3779990228	8.4927948847	9.48097255235418e-06	0.0034695456	4.0375547222
13511_at	Dsg2	1.0928497254	13511	desmoglein 2	5.0185642641	8.2732803049	1.18419543861453e-05	0.0039896108	3.826499228
217333_at	Trim47	1.0701596498	217333	tripartite motif-containing 47	7.8991631012	4.9152988425	0.0007009481	0.0469325671	-0.1942020656
22695_at	Zfp36	1.0618055084	22695	zinc finger protein 36	8.6220842278	6.9318656165	5.12857049402112e-05	0.0101732625	2.4095234529
231507_at	Plac8	-1.0617165289	231507	placenta-specific 8	6.7624021728	-1.9238533794	0.0847059406	0.4363795118	-4.9207931825
20887_at	Sult1a1	1.050048487	20887	sulfotransferase family 1A, phenol-preferring, member 1	8.2646461344	3.0294728154	0.0133713033	0.2158219869	-3.1499373021
12268_at	C4b	1.0345760992	12268	complement component 4B (Childo blood group)	4.7466695317	8.0711187643	1.45928813896749e-05	0.0045855059	3.6272093896
54120_at	Gipc2	1.0277102663	54120	GIPC PDZ domain containing family, member 2	4.4292777815	6.7365736633	6.45576460781787e-05	0.0117114191	2.1835563259
19152_at	Prtn3	1.0275799411	19152	proteinase 3	8.7966942521	4.7545790464	0.0008845702	0.0532107998	-0.4283523765
19128_at	Pros1	1.0168193738	19128	protein S (alpha)	6.145033487	11.620543975	6.08848171584631e-07	0.0005874001	6.5296316684
17183_at	Matn4	1.0158998486	17183	matrilin 4	4.5962951101	6.2246746487	0.0001206751	0.0175474854	1.5655460281
56193_at	Plek	1.0104041588	56193	pleckstrin	8.5750438944	5.0236376982	0.0006004629	0.0434714712	-0.0385883772
320500_at	Tmem215	1.0046792564	320500	transmembrane protein 215	3.8848863756	5.9517658646	0.0001707778	0.0217051432	1.2203594493
11658_at	Alcam	1.0043632513	11658	activated leukocyte cell adhesion molecule	7.6740055764	4.2527211669	0.0018734168	0.0811495319	-1.1840850183
80837_at	Rhoj	0.985892807	80837	ras homolog gene family, member J	7.1658881314	9.7192109779	2.96065085553368e-06	0.0017296992	5.1218169734
16416_at	Itgb3	0.9727978893	16416	integrin beta 3	8.2206240854	7.2449163463	3.57956671982863e-05	0.0079141983	2.7608672581
99887_at	Tmem56	0.95358306	99887	transmembrane protein 56	3.6631303616	5.6846615296	0.0002422348	0.0269786123	0.871629834
20230_at	Satb1	-0.9524452919	20230	special AT-rich sequence binding protein 1	4.650774215	-4.4984621285	0.001291518	0.0663660507	-0.8094834619
13830_at	Stom	0.9411879794	13830	stomatin	6.8392373874	5.0897417221	0.0005468201	0.0410366378	0.0554747005
54135_at	Lsr	0.9330190409	54135	lipolysis stimulated lipoprotein receptor	6.4917898538	5.9737793094	0.0001659997	0.0213536021	1.2486169816
11749_at	Anxa6	-0.9304511174	11749	annexin A6	6.3406026933	-4.7618422104	0.0008752475	0.0530518375	-0.4176863878
12490_at	Cd34	-0.9279874724	12490	CD34 antigen	9.3121283071	-6.0662012893	0.0001474593	0.0200629743	1.3664583659
66871_at	Cpne8	0.9266096048	66871	copine VIII	6.8215920413	8.0303756498	1.52277536125459e-05	0.0046591014	3.5864618505
72461_at	Prcp	0.9218875552	72461	prolylcarboxypeptidase (angiotensinase C)	8.8970254732	6.8853389396	5.4153867253835e-05	0.0106427392	2.3561684895
14778_at	Gpx3	0.900961687	14778	glutathione peroxidase 3	4.4893133416	2.0984913835	0.0635738895	0.3903721272	-4.6552340976
18671_at	Abcb1a	0.8925283238	18671	ATP-binding cassette, sub-family B (MDR/TAP), member 1A	6.2073007667	5.7668307251	0.0002173137	0.0250413744	0.9800676056
18516_at	Pbx3	0.8792661638	18516	pre B-cell leukemia transcription factor 3	8.114916748	7.3014688391	3.35843766329179e-05	0.0077481347	2.8229403702
19219_at	Ptger4	0.8672747305	19219	prostaglandin E receptor 4 (subtype EP4)	7.7730775181	3.9700942989	0.0029034677	0.1055241467	-1.6249824891
71602_at	Myo1e	0.8635102721	71602	myosin IE	5.4387419477	5.5353618399	0.0002957626	0.0293344029	0.6719480614
16979_at	Lrrn1	0.8609640373	16979	leucine rich repeat protein 1, neuronal	3.8644677528	2.9995249094	0.0140563444	0.2195334148	-3.1992701221
228876_at	Zfp334	0.8586774585	228876	zinc finger protein 334	4.2019561136	5.4927845713	0.0003132691	0.0303103388	0.6143734856
20719_at	Serpinb6a	0.8453969943	20719	serine (or cysteine) peptidase inhibitor, clade B, member 6a	6.8405712806	7.4095023829	2.97621854759363e-05	0.0074146783	2.9403549029
20725_at	Serpinb8	0.8383654598	20725	serine (or cysteine) peptidase inhibitor, clade B, member 8	5.4459453726	5.6787784958	0.0002441338	0.0269882244	0.8638263822
66102_at	Cxcl16	0.8280931368	66102	chemokine (C-X-C motif) ligand 16	4.8186545104	5.6092346836	0.0002678386	0.0286240227	0.7711783973
228852_at	Ppp1r16b	0.8247532965	228852	protein phosphatase 1, regulatory (inhibitor) subunit 16B	5.846740825	6.3546690092	0.0001026281	0.0154488061	1.7260826748
16168_at	Il15	-0.8096042617	16168	interleukin 15	7.4373028347	-5.8655062038	0.0001909835	0.0233881684	1.1089261282
21817_at	Tgm2	0.8014735462	21817	transglutaminase 2, C polypeptide	8.9690086382	3.5463014491	0.0057102017	0.1447947346	-2.3035075198
107769_at	Tm6sf1	-0.8010116832	107769	transmembrane 6 superfamily member 1	6.6787932382	-6.1803726808	0.0001275882	0.018297694	1.5102660857
19668_at	Rbpjl	0.7978073212	19668	recombination signal binding protein for immunoglobulin kappa J region-like	5.0198521403	5.4772178675	0.0003199454	0.0304599646	0.5932537281
78416_at	Rnase6	-0.7923277324	78416	ribonuclease, RNase A family, 6	7.5013753636	-4.8845816344	0.00073261	0.0483470472	-0.2386499922
23882_at	Gadd45g	0.7920927562	23882	growth arrest and DNA-damage-inducible 45 gamma	4.9195360726	3.8676295601	0.0034122984	0.1132326069	-1.7872729709
16542_at	Kdr	0.7832675425	16542	kinase insert domain protein receptor	4.5643859477	4.5059680768	0.0012771007	0.0661133254	-0.7981766319
50884_at	Nckap1	0.7791596301	50884	NCK-associated protein 1	6.8274039544	6.7600074561	6.27840225144902e-05	0.0115877468	2.2109514512
56760_at	Clec1b	0.7716645984	56760	C-type lectin domain family 1, member b	3.8820560647	5.6002756363	0.0002710685	0.0286240227	0.7591888676
103098_at	Slc6a15	0.7619590291	103098	solute carrier family 6 (neurotransmitter transporter), member 15	6.5511212662	6.5662058478	7.92103887214366e-05	0.0131346914	1.9820579586
11717_at	Ampd3	0.758584277	11717	adenosine monophosphate deaminase 3	7.1141627679	4.5196486059	0.0012512622	0.0650932343	-0.7775895294
26875_at	Pclo	0.7238907824	26875	piccolo (presynaptic cytomatrix protein)	3.7258229201	4.9464802871	0.0006703004	0.0457463838	-0.1492298627
20913_at	Stxbp4	0.7235096234	20913	syntaxin binding protein 4	7.6117424355	5.2984488914	0.0004086157	0.0342057764	0.348026748
16988_at	Lst1	-0.7230260634	16988	leukocyte specific transcript 1	8.1542086471	-4.1767725893	0.0021052439	0.0882153468	-1.3015451283
12524_at	Cd86	-0.7217341768	12524	CD86 antigen	3.8133498372	-5.5275949069	0.0002988759	0.0295053066	0.661466188
12493_at	Cd37	-0.7188905753	12493	CD37 antigen	7.5286874784	-5.7878182215	0.0002114018	0.0249277949	1.0075990448
11304_at	Abca4	0.7169310254	11304	ATP-binding cassette, sub-family A (ABC1), member 4	6.2119971658	5.5660470275	0.0002838003	0.0288423022	0.7132683048
17390_at	Mmp2	-0.7106074313	17390	matrix metallopeptidase 2	4.7295560051	-5.9138615228	0.0001793569	0.0223932333	1.1715320409
214137_at	Arhgap29	0.7097074236	214137	Rho GTPase activating protein 29	6.5885664903	7.2856476536	3.41876355708877e-05	0.007776162	2.8056171783
252838_at	Tox	0.7056894285	252838	thymocyte selection-associated high mobility group box	7.5606936826	2.6931913759	0.0234899601	0.2708171661	-3.7030094971
16985_at	Lsp1	-0.7043316966	16985	lymphocyte specific 1	8.5485384917	-5.1417591309	0.0005082242	0.0395441186	0.1290193603
226652_at	Arhgap30	-0.6970406304	226652	Rho GTPase activating protein 30	6.7845500306	-5.0893076059	0.0005471552	0.0410366378	0.0548591694
21824_at	Thbd	0.6952391053	21824	thrombomodulin	5.4043800961	3.7050220365	0.0044210801	0.1285444181	-2.04722664
269346_at	Slc28a2	-0.692715825	269346	solute carrier family 28 (sodium-coupled nucleoside transporter), member 2	5.7853097294	-5.7553475233	0.0002206237	0.0250413744	0.9649754461
17984_at	Ndn	0.6918901136	17984	necdin	6.1231679693	3.3928930311	0.0073317419	0.1641465275	-2.5532159766
68312_at	Gstm7	0.672259346	68312	glutathione S-transferase, mu 7	6.2728062426	3.7793253333	0.0039260273	0.1205932404	-1.9280914314
17536_at	Meis2	0.6716958063	17536	Meis homeobox 2	3.7892847504	2.9160322188	0.016161619	0.2336197586	-3.3368000004
27218_at	Slamf1	0.6584869767	27218	signaling lymphocytic activation molecule family member 1	8.1199270666	5.1203526452	0.0005237414	0.0402482481	0.0988044491
218194_at	Phactr1	0.6568645362	218194	phosphatase and actin regulator 1	5.9346376668	4.9856215212	0.0006338447	0.0444005042	-0.0929882608
18146_at	Npdc1	0.6553677807	18146	neural proliferation, differentiation and control gene 1	7.4720665091	4.8578596278	0.0007613992	0.0490815805	-0.277433862
14397_at	Gabra4	0.655248724	14397	gamma-aminobutyric acid (GABA) A receptor, subunit alpha 4	3.3762850581	4.4837586011	0.0013202644	0.0663660507	-0.8316562128
22035_at	Tnfsf10	0.6546003648	22035	tumor necrosis factor (ligand) superfamily, member 10	7.2707319373	5.1359994682	0.0005123502	0.0395441186	0.1208966491
170719_at	Oxr1	0.6511702775	170719	oxidation resistance 1	6.6859419521	4.6797231672	0.0009870707	0.0566231746	-0.5387400761
109978_at	Art4	0.6505837921	109978	ADP-ribosyltransferase 4	8.7298294167	3.9300742863	0.0030919849	0.1082960074	-1.6882223891
17988_at	Ndrg1	0.6465034444	17988	N-myc downstream regulated gene 1	8.6643545359	5.8363344948	0.0001983893	0.0236562577	1.070985681
12527_at	Cd9	0.6414437931	12527	CD9 antigen	8.5024213342	5.7796249402	0.0002136888	0.0250413744	0.9968590834
18783_at	Pla2g4a	0.632782084	18783	phospholipase A2, group IVA (cytosolic, calcium-dependent)	8.6478797083	6.4249546581	9.41065988290439e-05	0.0146868571	1.8118520317
19124_at	Procr	0.631625288	19124	protein C receptor, endothelial	8.439482322	1.7466085268	0.1127731304	0.4871992045	-5.1799466367
64058_at	Perp	0.6280888942	64058	PERP, TP53 apoptosis effector	4.3952014348	3.8743410641	0.0033762562	0.1128520292	-1.7766056027
13636_at	Efna1	0.6211735117	13636	ephrin A1	6.0395588204	2.6694486266	0.0244465493	0.2747569578	-3.7418803635
52815_at	Ldhd	0.620863302	52815	lactate dehydrogenase D	6.1274447837	3.5369850674	0.0057971261	0.1461330178	-2.3186200699
67168_at	Lpar6	0.6148190622	67168	lysophosphatidic acid receptor 6	8.7256857626	3.9856496856	0.0028334954	0.1049580102	-1.6004535887
18205_at	Ntf3	0.6043148438	18205	neurotrophin 3	3.8870425597	2.3133121789	0.0444589528	0.3388747902	-4.3179222728
268860_at	Abat	0.5987241129	268860	4-aminobutyrate aminotransferase	5.1713523992	5.5549816443	0.0002880528	0.0289759315	0.6983845513
14600_at	Ghr	0.5964736377	14600	growth hormone receptor	5.7441168435	3.9946481645	0.0027938312	0.1044370703	-1.5862775145
12827_at	Col4a2	-0.5819152328	12827	collagen, type IV, alpha 2	5.3297555004	-6.4848953507	8.74438804675304e-05	0.0140605785	1.8844310298
75914_at	Exoc6b	0.5802426866	75914	exocyst complex component 6B	7.9470825419	2.3058500391	0.0450174329	0.3404179128	-4.3297988786
18669_at	Abcb1b	0.5710012587	18669	ATP-binding cassette, sub-family B (MDR/TAP), member 1B	6.7604820472	5.1154812893	0.0005273431	0.0402620791	0.0919187239
239849_at	Cd200r4	0.5696949674	239849	CD200 receptor 4	2.8852960809	3.1188654341	0.0115227715	0.2010801992	-3.0027434053
67487_at	Dhx40	0.5636557927	67487	DEAH (Asp-Glu-Ala-His) box polypeptide 40	5.4244407671	7.0778887925	4.33053120140165e-05	0.0089885393	2.575053485
320560_at	Dennd5b	0.5618404843	320560	DENN/MADD domain containing 5B	6.0294858072	5.5655059401	0.0002840067	0.0288423022	0.7125409414
98711_at	Rdh10	0.5588501031	98711	retinol dehydrogenase 10 (all-trans)	6.9940465331	2.3776295359	0.039918504	0.327005113	-4.2151556428
56318_at	Acpp	0.5533637909	56318	acid phosphatase, prostate	4.3367470435	4.5347231948	0.0012234336	0.0639590572	-0.7549360734
107569_at	Nt5c3	0.5473117701	107569	5'-nucleotidase, cytosolic III	7.8719396193	4.8137121595	0.000811645	0.0506859195	-0.3417465999
56332_at	Amotl2	0.5411482805	56332	angiomotin-like 2	5.1837790463	2.9073099024	0.0163993274	0.2353917797	-3.3511636241
59056_at	Evc	0.5363473574	59056	Ellis van Creveld gene homolog (human)	5.8443359863	5.4386503926	0.0003371553	0.0312494419	0.540766903
22038_at	Plscr1	0.5290395202	22038	phospholipid scramblase 1	9.1274162417	4.6144142027	0.0010868711	0.0607074733	-0.6357321289
19376_at	Rab34	0.5285340485	19376	RAB34, member of RAS oncogene family	4.5058892498	2.8164100477	0.0190983947	0.249720032	-3.5007528311
20963_at	Syk	-0.5247707625	20963	spleen tyrosine kinase	7.3162396776	-1.9316696521	0.0836327862	0.4350749726	-4.9091068771
232174_at	Cyp26b1	0.4984442655	232174	cytochrome P450, family 26, subfamily b, polypeptide 1	5.5145543882	1.8467121709	0.0960114149	0.4575308218	-5.0350091465
12395_at	Runx1t1	0.4949665416	12395	runt-related transcription factor 1; translocated to, 1 (cyclin D-related)	6.0393776472	2.4632586157	0.0345750534	0.3105078977	-4.0773351215
22068_at	Trpc6	0.4854405363	22068	transient receptor potential cation channel, subfamily C, member 6	8.2817475713	4.9608435484	0.0006566684	0.045183667	-0.1285641703
19122_at	Prnp	0.4831376913	19122	prion protein	5.7901751063	2.8954693855	0.016727717	0.23659363	-3.3706601572
227120_at	Plcl1	0.4784672901	227120	phospholipase C-like 1	6.4559247863	2.1056582902	0.062824281	0.3878162047	-4.644152387
21807_at	Tsc22d1	0.4761904615	21807	TSC22 domain family, member 1	8.4558350521	5.0097684276	0.0006124179	0.0434734763	-0.0584091067
18260_at	Ocln	0.4711930567	18260	occludin	4.0087473495	4.0396397241	0.0026041086	0.1017904319	-1.5155475833
12805_at	Cntn1	0.4703740742	12805	contactin 1	3.2221675527	4.4349823274	0.0014206003	0.0685278215	-0.9054330612
70945_at	Mmrn1	0.458992398	70945	multimerin 1	9.3642140438	4.811449437	0.000814314	0.0506859195	-0.3450508333
54610_at	Tbc1d8	0.4087085427	54610	TBC1 domain family, member 8	7.0688662256	3.2041279227	0.0100037614	0.1852790892	-2.8625265299
13436_at	Dnmt3b	-0.4066656165	13436	DNA methyltransferase 3B	7.6180742726	-4.0755296943	0.0024625256	0.097695524	-1.4593068583
64945_at	Cldn12	0.3918692618	64945	claudin 12	6.9480557241	1.937081285	0.0828972836	0.4336646992	-4.90100405
66058_at	Tmem176a	0.3777062055	66058	transmembrane protein 176A	8.7801179629	2.6297971712	0.0261320653	0.2802173061	-3.8067034713
71914_at	Antxr2	-0.3547699723	71914	anthrax toxin receptor 2	5.5842802827	-3.7312522214	0.0042392421	0.1256556376	-2.0051053271
17132_at	Maf	0.3441080221	17132	avian musculoaponeurotic fibrosarcoma (v-maf) AS42 oncogene homolog	5.2329047398	2.224774191	0.0515441399	0.3571741333	-4.4581522266
227929_at	Cytip	0.3322295161	227929	cytohesin 1 interacting protein	7.6274674742	3.4637383521	0.0065304245	0.1534975205	-2.437680043
14862_at	Gstm1	0.3074441812	14862	glutathione S-transferase, mu 1	9.2063680611	1.7421846445	0.1135725263	0.4874776279	-5.1862600482
17218_at	Mcm5	-0.2840512134	17218	minichromosome maintenance deficient 5, cell division cycle 46 (S. cerevisiae)	7.2992928591	-1.8436657686	0.0964855169	0.4583590756	-5.0394763504
17069_at	Ly6e	0.2754296618	17069	lymphocyte antigen 6 complex, locus E	11.7834971567	3.4652779982	0.0065140564	0.1532825364	-2.4351731388
17220_at	Mcm7	-0.2728778908	17220	minichromosome maintenance deficient 7 (S. cerevisiae)	8.1020928146	-2.4117893297	0.0376956222	0.3201622638	-4.1603030806
16784_at	Lamp2	0.2694892489	16784	lysosomal-associated membrane protein 2	8.7523073837	2.9984999208	0.0140804152	0.2196539271	-3.200958637
227541_at	Camk1d	-0.211894728	227541	calcium/calmodulin-dependent protein kinase ID	4.0168917375	-1.3997073981	0.1932905832	0.5919404026	-5.6471625232
19733_at	Rgn	0.2027289087	19733	regucalcin	3.1090509132	2.207769711	0.053025386	0.3614206222	-4.4849027858
12305_at	Ddr1	0.1966638417	12305	discoidin domain receptor family, member 1	4.6357885676	1.7132309965	0.1189335711	0.497117969	-5.2273784308
17260_at	Mef2c	0.1928776619	17260	myocyte enhancer factor 2C	9.3434060199	1.9192268159	0.085347235	0.4367728112	-4.9277009429
75909_at	Vmp1	0.1594770336	75909	transmembrane protein 49	7.4879186472	1.7894920175	0.1052872113	0.4749338308	-5.1183349504
70122_at	Mllt3	0.1424997387	70122	myeloid/lymphoid or mixed-lineage leukemia (trithorax homolog, Drosophila); translocated to, 3	9.621408049	0.9672340788	0.3573232214	0.7345289887	-6.128507008
50790_at	Acsl4	0.1315639827	50790	acyl-CoA synthetase long-chain family member 4	6.6546695976	1.5994733504	0.1422904327	0.5307578311	-5.3853472756
12512_at	Cd63	0.1236843441	12512	CD63 antigen	9.4418027607	1.1087247013	0.2947348664	0.6913192108	-5.9856388084
11441_at	Chrna7	0.0484147386	11441	cholinergic receptor, nicotinic, alpha polypeptide 7	4.1725949967	0.4872133615	0.6371148197	0.8832894016	-6.4851818125
13056_at	Cyb561	0.0351037281	13056	cytochrome b-561	4.3726707917	0.2367399003	0.8178675846	0.9507483016	-6.5820703734
80782_at	Klrb1b	0.0350696833	80782	killer cell lectin-like receptor subfamily B member 1B	3.4718705379	0.3358171128	0.7442820088	0.9252364004	-6.5515608413
