reanalysed				
ID	Gene.symbol	logFC	P.Value	adj.P.Val
1437356_at	Gpr183	4.1941053746	8.55270184565824e-09	0.0002300656
1418989_at	Ctse	3.7157136189	1.02022387009164e-08	0.0002300656
1442542_at	Eya4	4.9064664281	1.77734232090969e-08	0.0002671997
1443933_at	Tc2n	2.5896349523	3.19382452242485e-08	0.0003568728
1417818_at	Wwtr1	3.5966094884	5.53405708626626e-08	0.0003568728
1417853_at	Clca3a1	3.22677464	5.85560839865175e-08	0.0003568728
1439862_at	Rorb	2.5594536961	6.16763325914125e-08	0.0003568728
1427345_a_at	Sult1a1	2.8481873983	7.57224168114679e-08	0.0003568728
1460039_at	Clec1a	3.0840936321	7.81427218880385e-08	0.0003568728
1448961_at	Plscr2	4.1789856596	7.91274696534846e-08	0.0003568728
1458324_x_at		3.0901109215	1.29951128800327e-07	0.0005328114
1448710_at	Cxcr4	3.4404977084	1.43953652933587e-07	0.0005410378
1419666_x_at	Nupr1	3.023908834	1.63897476092396e-07	0.0005686108
1443832_s_at	Sdpr	2.0870139036	1.7728359465779e-07	0.0005711191
1435748_at	Gda	2.4684781827	2.99395668794383e-07	0.0008706475
1421096_at	Trpc1	3.3960657234	3.08870302547184e-07	0.0008706475
1417852_x_at	Clca3a1	3.4075187627	3.49646972562743e-07	0.0009166008
1425492_at	Bmpr1a	2.5383620661	3.65819255628755e-07	0.0009166008
1416778_at	Sdpr	2.42923234	4.78178110288519e-07	0.001135069
1457429_s_at	Sbspon	5.4550013419	5.29660026634266e-07	0.0011373773
1435792_at	LOC100503923///Gm15433///LOC100041903///Gm2666///Gm7609///Csprs	3.5875818557	5.41443354981067e-07	0.0011373773
1441975_at	Acpp	2.2847965395	5.62061116282754e-07	0.0011373773
1445723_at	Plcl1	2.3246340173	5.8002434960763e-07	0.0011373773
1449570_at	Klrb1b///Klrb1c	2.9099046511	6.70601573772616e-07	0.0012266116
1457691_at	Gpr183	3.3031247104	6.7992485878881e-07	0.0012266116
1453055_at	Sema6d	2.7115097847	7.1277382240296e-07	0.0012364159
1419665_a_at	Nupr1	3.243521579	7.52558270349387e-07	0.0012570789
1424486_a_at	Txnrd1	-1.5645289758	9.58232242975284e-07	0.001501603
1438068_at		2.4851348281	9.65532597753519e-07	0.001501603
1428136_at	Sfrp1	1.769828223	1.17539379092649e-06	0.0017670478
1460259_s_at	Clca3a2///Clca3a1	3.9028122689	1.29369139649244e-06	0.0018015567
1437385_at	Ccbe1	3.2257338141	1.3035315562594e-06	0.0018015567
1435828_at	LOC102641248///Maf	1.6746469698	1.32755603627192e-06	0.0018015567
1437458_x_at	Clu	2.8493256665	1.36852183103804e-06	0.0018015567
1454849_x_at	Clu	2.9023430091	1.45289621319516e-06	0.0018015567
1428359_s_at	Zg16	4.3340372357	1.53072124748156e-06	0.0018015567
1448785_at	Runx1t1	2.1382138016	1.56154703507373e-06	0.0018015567
1418187_at	Ramp2	3.3213416222	1.57950712741809e-06	0.0018015567
1437466_at	Alcam	1.9245801773	1.59500687982796e-06	0.0018015567
1453357_at	Tdrd9	4.3910289081	1.6116560911966e-06	0.0018015567
1416468_at	Aldh1a1	1.7211111933	1.63774248467738e-06	0.0018015567
1456335_at	Sbspon	4.4774778096	1.75998670179013e-06	0.0018899324
1420558_at	Selp	2.9986229122	1.83780858407657e-06	0.0019019739
1417235_at	Ehd3	2.2604275388	1.85554314302336e-06	0.0019019739
1450958_at	Tm4sf1	3.3329366197	1.93224477150845e-06	0.001920659
1426394_at	Eif3j2///Eif3j1	-2.0616498317	1.9628813032775e-06	0.001920659
1452052_s_at	Eif3j2///Eif3j1	-2.300545617	2.00152924926601e-06	0.001920659
1439795_at	Adgrg2	2.6828425645	2.06570126485043e-06	0.0019409415
1423513_at	Uhrf1bp1l	1.7279505023	2.14366525422778e-06	0.0019713716
1418934_at	Mab21l2	2.7492861443	2.185507692507e-06	0.0019713716
1435858_at	Tmem215	3.3054022058	2.53949605606199e-06	0.0021781459
1460632_at	Rdh10	1.6627077174	2.54815059320197e-06	0.0021781459
1428358_at	Zg16	2.4379639235	2.55962691765133e-06	0.0021781459
1428420_a_at	Exoc3l4	1.8797596452	2.78999619081898e-06	0.0022546605
1418626_a_at	Clu	3.3019101739	2.80926827184404e-06	0.0022546605
1452050_at	Camk1d	-2.1728945693	2.82129446936245e-06	0.0022546605
1422868_s_at	Gda	3.1821904751	2.84950775812072e-06	0.0022546605
1436739_at	Agtr1a	2.8662124539	2.97420529876588e-06	0.0023127523
1449588_at	Abca4	2.4725151876	3.26176871684882e-06	0.0024933734
1447725_at	C030034E14Rik	1.7873231339	3.39241258989163e-06	0.0025343997
1418502_a_at	Oxr1	1.2561131337	3.47522806462991e-06	0.0025343997
1428615_at	Lpar6	1.4296863465	3.73733343110524e-06	0.0025343997
1423832_at	Prkag2	1.3364308844	3.80946706372208e-06	0.0025343997
1418674_at	Osmr	3.694586857	3.86376757559262e-06	0.0025343997
1418488_s_at	Ripk4	3.5980399393	3.87752494454195e-06	0.0025343997
1428614_at	Ldhd	1.5879823226	3.8860680847918e-06	0.0025343997
1448873_at	Ocln	1.6692675102	3.89868414012678e-06	0.0025343997
1426300_at	Alcam	1.5456525138	3.9056713235111e-06	0.0025343997
1425702_a_at	Enpp5	2.4251415919	3.90998038717959e-06	0.0025343997
1439078_at	Klhl4	1.6610936949	3.96584888135964e-06	0.0025343997
1449379_at	Kdr	1.3896781044	3.98976477968032e-06	0.0025343997
1417552_at	Fap	3.9895684163	4.05367848412841e-06	0.0025392355
1456665_at	Eya4	3.1917793619	4.26583535878437e-06	0.0026355266
1417797_a_at	Kdf1	2.6881925589	4.42191362845635e-06	0.0026950368
1451737_at	Pik3r1	1.6475809548	4.61990093961517e-06	0.002778162
1425484_at	Tox	1.4958455147	4.97326694055335e-06	0.0029375767
1415964_at	Scd1	2.2950211353	5.09309041675354e-06	0.0029375767
1433670_at	Emp2	1.3340220347	5.13848862548685e-06	0.0029375767
1439794_at	Ntn4	3.0196468993	5.14553030322918e-06	0.0029375767
1449174_at	Art4	1.5571939557	5.58905879003748e-06	0.0031509018
1460187_at	Sfrp1	1.893515685	5.6829433406257e-06	0.0031642769
1420444_at	Slc22a3	-1.5302322733	5.86485778514409e-06	0.0032027797
1436568_at	Jam2	2.7006531571	5.89412026473062e-06	0.0032027797
1418021_at	C4a///C4b	1.6514730705	6.37683922167163e-06	0.0034238313
1426395_s_at	Eif3j2///Eif3j1	-1.9957614295	6.61536117827706e-06	0.0035101106
1417872_at	Fhl1	1.1289653595	7.20701750652149e-06	0.0037795779
1421073_a_at	Ptger4	1.8357816278	7.37479196853326e-06	0.0038231091
1452792_at	Dzip1	1.1212529126	7.51781715325696e-06	0.0038326037
1425491_at	Bmpr1a	2.0582226531	7.81812654228597e-06	0.0038326037
1423278_at	Ptprk	2.6576052409	7.82366613947884e-06	0.0038326037
1449906_at	Selp	2.7055176884	7.87950684455313e-06	0.0038326037
1450792_at	Tyrobp	-1.6429049965	7.90241498807482e-06	0.0038326037
1434553_at	Tmem56	2.5616350582	7.98351683508129e-06	0.0038326037
1426246_at	Pros1	1.2010369343	7.98795474577175e-06	0.0038326037
1433707_at	Gabra4	3.1250227353	8.13291494824598e-06	0.00386108
1452426_x_at		-3.1322048816	9.39539568075052e-06	0.0043573598
1455653_at	Ccnj	1.7338828524	9.45068332637035e-06	0.0043573598
1448383_at	Mmp14	1.7277612256	9.56778328810126e-06	0.0043573598
1436566_at	Rab40b	1.7344678869	9.6694317897419e-06	0.0043573598
1439699_at		1.8755469051	9.74461592476534e-06	0.0043573598
1416779_at	Sdpr	2.607854193	9.81214788519885e-06	0.0043573598
1423557_at	Ifngr2	-1.4534886989	9.85456428500386e-06	0.0043573598
1416996_at	Tbc1d8	1.2839948961	1.00102995155813e-05	0.0043832478
1457632_s_at	Meis2	1.9840084213	1.06047184340855e-05	0.0045988789
1454832_at	Phactr1	1.7721542095	1.11111403211347e-05	0.0047726051
1419759_at	Abcb1a	1.3237147435	1.14876094543457e-05	0.0048877611
1433610_at	AA986860	1.2584266067	1.18847805572933e-05	0.00500271
1428613_at	Ldhd	1.6097898501	1.20564788370758e-05	0.00500271
1454685_at	Gpr146	1.1639399901	1.21221342553627e-05	0.00500271
1422557_s_at	Mt1	2.9189320377	1.22014612375356e-05	0.00500271
1452981_at	Cntn1	2.7701100368	1.28573938228595e-05	0.005224156
1425570_at	Slamf1	1.0800487712	1.33230276783364e-05	0.0053650167
1426784_at	Trim47	1.2997258534	1.39131081039584e-05	0.0055530539
1449408_at	Jam2	2.244275092	1.40628327388041e-05	0.0055635774
1448665_at	Dmd	1.0273951163	1.44618865308943e-05	0.0056432797
1455586_at	Rnf168	-1.0540028978	1.45145439232851e-05	0.0056432797
1437689_x_at	Clu	3.4630205231	1.53008983987641e-05	0.0058981694
1428647_at	Pbx1	1.1233488948	1.5521768499963e-05	0.0059326041
1434804_at	Exoc6b	1.2387637704	1.61210573391734e-05	0.0060520945
1418301_at	Irf6	1.0084072394	1.61526091698959e-05	0.0060520945
1418892_at	Rhoj	1.8062623857	1.62944585466737e-05	0.0060520945
1437467_at	Alcam	1.3992632696	1.64654286915714e-05	0.0060520945
1434272_at	Cpeb2	1.7083363733	1.65053462295509e-05	0.0060520945
1439622_at	Rassf4	-1.5826873898	1.70579234956316e-05	0.0060889133
1435749_at	Gda	2.1845210959	1.70719046412366e-05	0.0060889133
1436171_at	Arhgap30	-1.38284727	1.71000972361735e-05	0.0060889133
1418501_a_at	Oxr1	1.3921097125	1.71457837738389e-05	0.0060889133
1449740_s_at	Dsg2	2.1767160087	1.73018153457566e-05	0.0060963217
1447693_s_at	Neo1	2.1909954301	1.78320499097915e-05	0.0062344441
1448794_s_at	Dnajc2	-1.1265955766	1.85368470838142e-05	0.0064310026
1451006_at	Xdh	1.9007551649	1.8788851940967e-05	0.0064686718
1421457_a_at	Samsn1	1.0332801813	1.91167570519284e-05	0.0065317035
1418911_s_at	Acsl4	1.0929495193	2.012198074157e-05	0.0068234696
1418872_at	Abcb1b	1.252703384	2.15640323794111e-05	0.0072579062
1428738_a_at	Tmem254b///Tmem254c///Tmem254a	1.3149189915	2.19265856835869e-05	0.0073252662
1421834_at	Pip5k1b	1.0334772825	2.20909077582019e-05	0.0073258973
1449708_s_at	Chek1	-1.2513541321	2.32210371025378e-05	0.0076444671
1457123_at	Nrg4	1.902468061	2.3472540977272e-05	0.0076712686
1454609_x_at	Irf2bpl	1.6702322421	2.39011982144913e-05	0.007755165
1416411_at	Gstm2	2.5345589875	2.45544715329729e-05	0.007910223
1447869_x_at	Rhobtb3	-1.512598447	2.53846720493471e-05	0.008062558
1436966_at	Peli2	-1.4223354056	2.55242735247755e-05	0.008062558
1436624_at	Dnm3	2.0186626881	2.55636414099065e-05	0.008062558
1418465_at	Ncf4	-1.6098490704	2.58700170511136e-05	0.0080813338
1431146_a_at	Cpne8	1.7941145718	2.59815392252479e-05	0.0080813338
1449297_at	Casp12	1.0327150692	2.6632980047025e-05	0.0082272194
1422679_s_at	Ctr9	-0.8979733641	2.69036804771263e-05	0.0082543054
1453065_at	Aldh5a1	1.2087309508	2.73387451778162e-05	0.0082770036
1443541_at	Gm5148	1.6575475495	2.75787342298162e-05	0.0082770036
1450380_at	Epdr1	1.3553712717	2.76151954650224e-05	0.0082770036
1448390_a_at	Dhrs3	2.3037493594	2.77117479283562e-05	0.0082770036
1434035_at	Dnajb6	1.1829770123	2.86129194918086e-05	0.0084038027
1455869_at		-3.7586381271	2.86513262224023e-05	0.0084038027
1459903_at	Sema7a	1.0927425259	2.86952752789084e-05	0.0084038027
1427318_s_at	Myof	1.412520382	2.89826699871761e-05	0.0084327009
1457424_at	Eya1	1.0412319465	2.93102267028133e-05	0.0084327009
1422573_at	Ampd3	1.3211588964	2.95630627820995e-05	0.0084327009
1434137_x_at	Zg16	3.2769370769	2.96062117662313e-05	0.0084327009
1421182_at	Clec1b	1.4181645611	2.97288186149887e-05	0.0084327009
1435085_at	Crebl2	1.0605823939	3.11600237806223e-05	0.0087834265
1428579_at	Fmnl2	0.9224627348	3.14682078922161e-05	0.008801713
1419392_at	Pclo	2.2436324305	3.16152083782021e-05	0.008801713
1425494_s_at	Bmpr1a	2.4452362691	3.19179861083806e-05	0.0088314914
1420565_at	Hoxa1	1.1401636883	3.22178909578615e-05	0.0088601165
1424208_at	Ptger4	1.1379721913	3.30849065367014e-05	0.0089402525
1428682_at	Zc3h6	1.5562671491	3.31422523160245e-05	0.0089402525
1452730_at	Rps4l	-1.7323973961	3.31789138893653e-05	0.0089402525
1421642_a_at	Cysltr2	1.716098835	3.33367078119452e-05	0.0089402525
1452280_at	Farp1	1.5634302141	3.3552689157083e-05	0.0089402525
1436876_at	Rgs7bp	-1.6587845865	3.36986524014295e-05	0.0089402525
1420404_at	Cd86	-1.5965210149	3.4125451619829e-05	0.0089629078
1429447_at	Evc2	1.2159498613	3.41815069445664e-05	0.0089629078
1433741_at	Cd38	2.7694661174	3.53565498586246e-05	0.0092174321
1448749_at	Plek	2.0329205419	3.60526310436485e-05	0.0093448834
1435176_a_at	Id2	1.5837421558	3.64296432445426e-05	0.0093886477
1453760_at	Mier1	0.8152694595	3.69030567522671e-05	0.009456618
1447602_x_at	Sulf2	0.9726815925	3.72419983988477e-05	0.0094895558
1415945_at	Mcm5	-1.0255513016	3.8229716944997e-05	0.0096852313
1420514_at	Tmem47	1.7523951841	3.85345798979937e-05	0.0096852313
1419669_at	Prtn3	1.3080026208	3.8654168161184e-05	0.0096852313
1455257_at	Itgb3	1.6329878179	3.91634572934041e-05	0.0097586248
1452191_at	Prcp	1.1819939142	4.07121341918498e-05	0.0100105303
1417644_at	Sspn	2.8172231103	4.10205991753376e-05	0.0100105303
1453851_a_at	Gadd45g	2.6754834764	4.11521336799176e-05	0.0100105303
1456226_x_at	Ddr1	2.570384679	4.11864839799166e-05	0.0100105303
1420959_at	Asph	1.0646108198	4.12959631049174e-05	0.0100105303
1438321_x_at	Fam63a	1.0128166992	4.1506156351611e-05	0.0100105303
1422556_at	Gna13	-1.4006043483	4.20626220601827e-05	0.0100907783
1450068_at	Baz1b	-2.3716529666	4.35425485547939e-05	0.0103905422
1438310_at	Dgkh	0.9222351801	4.40634035193812e-05	0.0104594924
1428942_at	Mt2	2.2115480237	4.46429620184848e-05	0.0105415824
1455772_at	Pgr	1.5048442237	4.49559334994944e-05	0.0105601956
1435342_at	Kcnk6	1.2667144516	4.63614067332844e-05	0.0108339161
1422445_at	Itga6	1.1751800275	4.72893730957325e-05	0.0109599629
1448607_at	Nampt	0.9534233392	4.77549638750639e-05	0.0109599629
1421681_at	Nrg4	1.5286351864	4.83414878572732e-05	0.0109599629
1439476_at	Dsg2	2.2920764663	4.85029446070925e-05	0.0109599629
1435313_at	Cd200r4	0.933058463	4.86785651998039e-05	0.0109599629
1455234_at	B3galt1	1.7842219602	4.86939866308895e-05	0.0109599629
1423325_at	Pnn	-1.570560583	4.87115534005222e-05	0.0109599629
1452207_at	Cited2	0.8915789806	4.90705081547174e-05	0.0109599629
1423722_at	Vmp1	1.3394172533	4.90878808034593e-05	0.0109599629
1427986_a_at	Col16a1	0.8641508663	4.976204294937e-05	0.0110557532
1437784_at	Runx1t1	1.495684665	5.05260437817561e-05	0.0110907666
1433579_at	Tmem30b	2.6385553279	5.05672952275651e-05	0.0110907666
1430534_at	Rnase6	-1.3137151427	5.06573673584929e-05	0.0110907666
1455340_at	Dennd5b	1.9939239544	5.15021926478862e-05	0.0111913528
1433855_at	Abat	1.7596914613	5.16130770526622e-05	0.0111913528
1426655_a_at	Fam63a	0.9624667732	5.18687377725281e-05	0.0111927801
1424443_at	Tm6sf1	-1.5095889509	5.21160024536273e-05	0.0111927801
1443762_s_at	Sbf2	1.2860721967	5.38359091493755e-05	0.0114985826
1451507_at	Mef2c	1.035560574	5.42964047120625e-05	0.0114985826
1452187_at	Rbm5	-1.3230257582	5.46469328818024e-05	0.0114985826
1419480_at	Sell	-2.0745215708	5.46716348238882e-05	0.0114985826
1425792_a_at	Rorc	1.1175287077	5.49810218372453e-05	0.0114985826
1417019_a_at	Cdc6	-1.1753822571	5.53763951165792e-05	0.0114985826
1449052_a_at	Dnmt3b	-0.9878513663	5.5566890616804e-05	0.0114985826
1455609_at	Cit	-0.9468404804	5.57013807623427e-05	0.0114985826
1425513_at	Map2k7	-1.5028599923	5.58344513606636e-05	0.0114985826
1435701_at	Cyyr1	1.1976848316	5.73010726436061e-05	0.01167727
1447849_s_at	LOC102641248///Maf	2.8793675937	5.75550947574684e-05	0.01167727
1424733_at	P2ry14	-1.2752562497	5.7754112858668e-05	0.01167727
1416083_at	Zfand5	0.8789618777	5.79500344138033e-05	0.01167727
1427202_at	Mettl20	1.3815012957	5.79966846741584e-05	0.01167727
1421933_at	Cbx5	-0.97645831	5.8655269706587e-05	0.0117573836
1426301_at	Alcam	1.2522984438	5.90459780363964e-05	0.0117833303
1439527_at	Pgr	1.7704933589	5.97055244613327e-05	0.0118488856
1450641_at	Vim	-0.9315840415	5.98999116719866e-05	0.0118488856
1437939_s_at	Ctsc	1.6304494355	6.03384803058538e-05	0.0118835188
1455814_x_at	Ddx39	-0.7724075045	6.08286770373766e-05	0.011899614
1447640_s_at	Pbx3	1.1801843295	6.11523197590211e-05	0.011899614
1450389_s_at	Pip5k1b	1.2045791992	6.1404461891068e-05	0.011899614
1418472_at	Aspa	1.6373374837	6.14755785039808e-05	0.011899614
1419905_s_at	Hpgd	-1.9936153206	6.30773936879432e-05	0.0120796833
1427947_at	B9d2	-0.7857963979	6.32045994946151e-05	0.0120796833
1440173_x_at	Selp	2.6213678672	6.34527089157036e-05	0.0120796833
1429351_at	Klhl24	0.8446277266	6.36521244104626e-05	0.0120796833
1452196_a_at	Nckap1	1.2862582474	6.37450304954928e-05	0.0120796833
1420502_at	Sat1	1.3780411608	6.42799507088313e-05	0.0121300839
1454906_at	Rarb	2.4484129745	6.48739580878629e-05	0.0121911683
1426640_s_at	Trib2	1.174953465	6.539926283844e-05	0.0122388886
1437263_at	A730089K16Rik	2.009660631	6.58869212424606e-05	0.0122688959
1438868_at	Phf11d	1.720948635	6.63360402875242e-05	0.0122688959
1426887_at	Nudt10///Nudt11	1.3422944964	6.63757032803802e-05	0.0122688959
1425619_s_at	Dsg2	1.1912576395	6.68845949705205e-05	0.0123124984
1448233_at	Prnp	1.0009558236	6.78496514004029e-05	0.0124393786
1450058_at	Asph	0.9187179383	6.85150436393549e-05	0.0125105141
1436265_at	Gm10419	2.4719436268	6.99758160844845e-05	0.0127257229
1436808_x_at	Mcm5	-1.0166396095	7.10464167155215e-05	0.0128685319
1460304_a_at	Ubtf	-1.0117377146	7.25937344220247e-05	0.0130962001
1434170_at	Dcaf12l1	0.757534441	7.32038369621223e-05	0.0131536504
1417839_at	Cldn5	3.6368861512	7.36756693429548e-05	0.0131858983
1426806_at	Nabp1	1.0576027237	7.42173257343114e-05	0.0132298703
1448748_at	Plek	1.5599757662	7.47917610183106e-05	0.0132298703
1434891_at	Ptgfrn	2.0959660655	7.48013776210556e-05	0.0132298703
1448145_at	Wwp2	1.1159905955	7.556237065668e-05	0.0133122597
1456772_at	Ncf1	-1.5999414127	7.60234722610547e-05	0.0133413799
1460521_a_at	Nabp1	1.0840208402	7.69512096497266e-05	0.0134169258
1453181_x_at	Plscr1	1.0727891769	7.70489297720611e-05	0.0134169258
1449270_at	Plxdc2	-1.5003614473	7.7808181339871e-05	0.0134970261
1429055_at	Shtn1	1.1986418038	7.84870495467507e-05	0.0135626223
1419253_at	Mthfd2	-0.9957581427	8.04072820035162e-05	0.013789238
1454566_at	1700024P12Rik	-0.9871941127	8.0443476714997e-05	0.013789238
1425506_at	Mylk	0.9289021422	8.09294729697764e-05	0.013789238
1416120_at	Rrm2	-1.6084159501	8.1021442452729e-05	0.013789238
1448548_at	Gm2808///Tulp4	1.1862458425	8.21186810646184e-05	0.0139234385
1422444_at	Itga6	1.1220750654	8.30330270062697e-05	0.0140257399
1418050_at	Gpld1	1.1508342323	8.38985533652735e-05	0.0140729008
1423714_at	Asf1b	-1.1642783581	8.3936283233836e-05	0.0140729008
1449023_a_at	Ezh1	1.1982421709	8.46918151528804e-05	0.0141469835
1439050_at	Gclm	0.8267010298	8.52878208096164e-05	0.0141939705
1418168_at	Zcchc14	0.85505821	8.61058944198027e-05	0.0142774336
1439568_at	Greb1	1.9963677721	8.72233698745841e-05	0.0143024939
1431028_a_at	Pank1	-0.8116246862	8.73751389879285e-05	0.0143024939
1430387_at	1810073O08Rik	1.5425265188	8.75095135534558e-05	0.0143024939
1456318_at	Clec1a	2.278514609	8.75255165822832e-05	0.0143024939
1433992_at	Shroom2	1.0346661073	8.85778019138923e-05	0.0144221929
1448180_a_at	Hn1	-0.7637786328	8.98847375791258e-05	0.0144640874
1452203_at	Nabp1	0.9805982296	9.00409655787389e-05	0.0144640874
1417962_s_at	Ghr	1.2245988529	9.01031741809923e-05	0.0144640874
1434489_at	Elmo3	0.9041032791	9.01179257608843e-05	0.0144640874
1427739_a_at	Trp53	-0.7672624685	9.04454649272902e-05	0.0144651805
1431213_a_at	Gm3579	-3.8417513901	9.21302813435172e-05	0.0146825718
1452811_at	Atic	-1.1885402887	9.35393024980008e-05	0.0147589869
1419062_at	Epb41l3	-0.8754605621	9.35745091562189e-05	0.0147589869
1433919_at	Asb4	1.5073410037	9.35915002521876e-05	0.0147589869
1424766_at	Ercc6l	-1.243745882	9.48844817869247e-05	0.0149023019
1417392_a_at	Slc7a7	1.3869263701	9.51611482396064e-05	0.0149023019
1417507_at	Cyb561	1.7530671354	9.59663154007301e-05	0.0149763903
1460687_at	Kmt5a	-0.8667580766	9.95768795504924e-05	0.0154678149
1450138_a_at	Serpinb6a	1.0153352757	9.98012047419232e-05	0.0154678149
1434366_x_at	C1qb	-0.8659143701	0.0001017869	0.015708198
1441396_at	B3galt1	1.1869121358	0.0001022224	0.015708198
1420664_s_at	Procr	0.7715388808	0.0001023971	0.015708198
1458866_at	Tmem215	1.4925051668	0.0001036137	0.0158409507
1434931_at	Neo1	1.9907984559	0.0001051468	0.015995056
1452190_at	Prcp	0.8169499752	0.000105331	0.015995056
1451140_s_at	Prkag2	0.898850455	0.0001062163	0.016049939
1425811_a_at	Csrp1	1.6136114425	0.0001064041	0.016049939
1436907_at	Nav1	1.4412178059	0.0001090234	0.0163902147
1454745_at	Arhgap29	1.3229887576	0.0001097902	0.0164427967
1424872_at	Zfp932	1.0230299712	0.0001101624	0.0164427967
1432198_at	Prune2	1.6313331085	0.0001104669	0.0164427967
1438224_at	Zswim5	1.7314293682	0.0001110689	0.016478028
1423088_at	Tmod3	0.7926427881	0.0001117683	0.016527416
1426260_a_at	Ugt1a1///Ugt1a6b///Ugt1a9///Ugt1a5///Ugt1a7c///Ugt1a10///Ugt1a6a///Ugt1a2	-1.3260065766	0.0001134526	0.0167216572
1455706_at	Stxbp4	1.3768339454	0.000114159	0.0167709662
1426538_a_at	Trp53	-1.068587843	0.000116166	0.0170103933
1444615_x_at	Runx1t1	2.046420376	0.0001171971	0.0171058413
1420760_s_at	Ndrg1	1.0050021363	0.0001208093	0.0175761871
1450655_at	Pten	0.7495862848	0.0001220593	0.01770095
1417500_a_at	Tgm2	1.1856621367	0.0001240581	0.0178278956
1418912_at	Plxdc2	-0.9129743613	0.0001240653	0.0178278956
1448852_at	Rgn	2.3900865222	0.0001241205	0.0178278956
1418035_a_at	Prim2	-0.9572484536	0.0001258265	0.0180155596
1422901_at	Mgea5	0.961062303	0.0001263558	0.0180270743
1455439_a_at	Lgals1	-2.1999543703	0.0001267063	0.0180270743
1439808_at	Ipcef1	-1.1151247317	0.0001279039	0.0181402274
1438168_x_at	Ddx39	-0.7118533644	0.0001284948	0.0181425891
1454742_at	Rasgef1b	1.0927245181	0.0001287251	0.0181425891
1435820_x_at	Ddr1	1.1887020771	0.0001298863	0.0182492316
1423521_at	Lmnb1	-0.8194587541	0.0001312568	0.0183326336
1454811_a_at	Serinc1	1.1954269536	0.0001329151	0.0183326336
1435660_at	LOC664787	1.0457868687	0.0001331344	0.0183326336
1443941_at	Ccdc149	0.6728628208	0.000133234	0.0183326336
1419758_at	Abcb1a	1.2932483866	0.0001342689	0.0183326336
1418209_a_at	Pfn2	2.154674996	0.0001344824	0.0183326336
1436546_at		-1.5152126027	0.0001349428	0.0183326336
1426576_at	Sgms1	0.7855686294	0.0001354172	0.0183326336
1422535_at	Ccne2	-1.5989281247	0.0001356682	0.0183326336
1457102_at	A030001D16Rik	-1.5006045187	0.0001361271	0.0183326336
1439018_at	Fhdc1	1.4018023035	0.0001362216	0.0183326336
1417307_at	Dmd	1.2458714369	0.0001363141	0.0183326336
1437046_x_at	Fam63a	0.7187714593	0.0001368146	0.0183326336
1440849_at	Rasgrf2	1.2101591867	0.0001369509	0.0183326336
1429144_at	Gpcpd1	0.8467744961	0.000137209	0.0183326336
1419145_at	Smtnl1	1.1224946146	0.0001375592	0.0183326336
1416053_at	Lrrn1	1.5732138785	0.0001377175	0.0183326336
1419105_at	Nr1h4	1.3002945511	0.000137899	0.0183326336
1419457_at	Arhgef28	1.0109137641	0.00013829	0.0183326336
1456174_x_at	Ndrg1	0.9327193152	0.0001386095	0.0183326336
1451063_at	Stxbp4	1.3133516001	0.0001390606	0.0183385101
1421605_a_at	Aqp9	1.5154291242	0.0001414029	0.0185930367
1452163_at	Ets1	1.0629269192	0.0001423273	0.0186145098
1439103_at	Cdc73	0.9913496158	0.0001423917	0.0186145098
1435697_a_at	Cytip	0.9042368077	0.0001440316	0.0187744718
1429809_at	Tmtc2	1.2168217809	0.0001446439	0.0187999503
1447939_a_at	Gm17167///Gm21093///Gm21075///Gm3893///Gm10600///LOC100041536///Gm2163///Gm7819///Gm5859	0.878722077	0.0001461902	0.0189463309
1455660_at	Csf2rb	-2.2386772204	0.0001472032	0.0190229552
1450677_at	Chek1	-1.0692264487	0.0001511205	0.0194733862
1421260_a_at	Srm	-0.8365383499	0.0001545014	0.0198345434
1436922_at	Lrr1	-1.3916480279	0.0001548028	0.0198345434
1434657_at	Gls	0.738882139	0.0001564012	0.0199317097
1416067_at	Ifrd1	0.9614244546	0.0001569264	0.0199317097
1436124_at	Pcyt1b	0.9903221747	0.0001572393	0.0199317097
1457743_at		-1.4613514231	0.0001573289	0.0199317097
1426004_a_at	Tgm2	1.3441625728	0.0001589976	0.0200643886
1435991_at	Nr3c2	1.5655416173	0.0001592659	0.0200643886
1452117_a_at	Fyb	0.9760378203	0.0001607178	0.0201909029
1429149_at	Gins3	-0.8611890935	0.0001628218	0.0203984026
1435783_at	Fam169a	2.0518544006	0.000163301	0.0204017685
1420693_at	Myom1	1.5303028383	0.000165529	0.0205684516
1434277_a_at	Ypel2	1.1479597242	0.0001655473	0.0205684516
1440299_at	Mb21d1	-0.8246491696	0.0001667724	0.0206376219
1420699_at	Clec7a	1.0919155126	0.0001670866	0.0206376219
1423643_at	Ddx39	-0.7400478695	0.0001674768	0.0206376219
1429262_at	Rassf6	1.2602816715	0.0001686896	0.0207304336
1419573_a_at	Lgals1	-1.7750314108	0.0001701496	0.0207789192
1427640_a_at	Runx1t1	0.877669695	0.0001703951	0.0207789192
1417900_a_at	Vldlr	2.2791951887	0.0001705748	0.0207789192
1421744_at	Tnfsf4	0.8645237632	0.000170927	0.0207789192
1415919_at	Npdc1	0.7175837068	0.0001742243	0.0211228199
1434474_at	Abca5	1.015225675	0.0001765765	0.021350608
1419470_at	Gnb4	-0.6711373505	0.0001791748	0.0215162926
1421193_a_at	Pbx3	0.9107107333	0.0001792366	0.0215162926
1453163_at	Ppp1r12a	0.7385618154	0.0001795754	0.0215162926
1452003_at	Rbm14	-1.1779692886	0.0001801306	0.0215162926
1422912_at	Bmp4	1.9774212747	0.0001803321	0.0215162926
1452279_at	Cfp	-1.1761119326	0.0001817198	0.0215708784
1453152_at	Mamdc2	-0.811970395	0.0001821242	0.0215708784
1430216_at	Zfp292	-1.9078548704	0.0001822244	0.0215708784
1450105_at	Adam10	1.0284923289	0.0001827643	0.0215781502
1418351_a_at	Dnmt3b	-1.1287634159	0.0001845847	0.0217311058
1433905_at	Akap7	0.7076211594	0.0001855345	0.0217311058
1451206_s_at	Cytip	1.038249002	0.0001855627	0.0217311058
1457969_at	Rabif	-1.3002179492	0.0001859872	0.0217311058
1418261_at	Syk	-0.7984435667	0.0001885692	0.0219758699
1415673_at	Psph	-0.6717682625	0.0001894208	0.0220182159
1449403_at	Pde9a	1.4626453356	0.0001906947	0.022109314
1436499_at	Sgms1	0.7401661663	0.0001923282	0.0222415264
1426208_x_at	Plagl1	-1.4524981829	0.0001932669	0.0222541354
1437363_at	Homer1	0.9289012858	0.0001934241	0.0222541354
1416273_at	Tnfaip2	0.9374594979	0.0001952279	0.0224045127
1416418_at	Gabarapl1	0.8635594083	0.0001963387	0.022474799
1425400_a_at	Cited4	0.7084292322	0.000200204	0.02281657
1435793_at	Aph1b	0.8509819973	0.000200544	0.02281657
1416419_s_at	Gabarapl1	0.6583684472	0.0002008421	0.02281657
1444763_at	Ptprk	1.5462395477	0.000201522	0.0228362907
1429270_a_at	Syce2	-0.9999212416	0.0002022802	0.0228647624
1451263_a_at	Fabp4	-1.6363809778	0.0002060996	0.0232286677
1418026_at	Exo1	-1.2884765812	0.0002065297	0.0232286677
1429097_at	Rnf150	1.1405449008	0.000208479	0.0233711332
1434427_a_at	Rnf157	-1.0574856984	0.0002088328	0.0233711332
1449199_at	Muc1	3.1912317202	0.0002104546	0.0234943412
1429056_at	Naa16	-1.0821711573	0.0002141892	0.0238522124
1438258_at	Vldlr	1.1169355771	0.000219357	0.0243675326
1433911_at	Smg6	0.9370293679	0.0002215835	0.0245342516
1450191_a_at	Sox13	1.0648262732	0.0002222431	0.0245342516
1417196_s_at	Wwc2	1.0069277966	0.0002224897	0.0245342516
1425546_a_at	Trf///Srprb	-1.2003693729	0.0002251736	0.0247696431
1431890_a_at	Mllt3	0.6746782169	0.0002289099	0.0251193807
1418415_at	Hoxb5	1.0967708845	0.0002303812	0.0252194757
1450478_a_at	Ptpn12	0.844192123	0.0002309606	0.0252216839
1415811_at	Uhrf1	-0.9589373934	0.0002329858	0.0253790553
1416433_at	Rpa2	-0.9220883547	0.0002340534	0.0253790553
1448016_at	Sass6	-0.6877704071	0.0002340899	0.0253790553
1452597_at	Cmc2	-0.9926967058	0.0002355239	0.025446981
1444028_s_at	Dock9	1.0348322147	0.0002358448	0.025446981
1418981_at	Casp12	1.1257624807	0.0002389045	0.0257155852
1440691_at	Cyp2j6	0.7269141197	0.0002395718	0.025726015
1434818_at	Gm15663	0.7279392009	0.000240238	0.0257362779
1419387_s_at	Muc13	0.6258016881	0.0002420112	0.0258648046
1434859_at	Umps	-0.655965549	0.0002438225	0.0259826561
1433645_at	Slc44a1	0.7625137881	0.0002442661	0.0259826561
1423809_at	Tcf19	-1.2850540174	0.0002457907	0.0260252474
1415838_at	Serinc1	0.7380874426	0.0002458206	0.0260252474
1426656_at	Fam63a	0.9220964102	0.0002469742	0.0260861483
1431648_at	Meiob	1.1509681153	0.0002489217	0.0262304157
1421028_a_at	Mef2c	0.8912283432	0.00024991	0.026273172
1428646_at	Pbx1	1.007818346	0.0002517348	0.0263491267
1448591_at	Ctss	-1.793884127	0.0002518009	0.0263491267
1422851_at	Hmga2	-1.3564885529	0.0002536889	0.0264476448
1420028_s_at	Mcm3	-0.7575369012	0.0002539152	0.0264476448
1420110_s_at	Zfp334	1.164026378	0.000256818	0.026672195
1425050_at	Isoc1	-0.8656462008	0.0002572538	0.026672195
1456532_at	Pdgfd	1.1910856076	0.0002586506	0.026755506
1447877_x_at	Dnmt1	-0.8632826177	0.0002602359	0.0267826023
1444468_at	Paqr8	-1.185199682	0.0002607366	0.0267826023
1456150_at	Kdm7a	0.916584327	0.0002620675	0.0267826023
1451065_a_at	Ddx39	-0.6902336806	0.0002626588	0.0267826023
1442537_at		1.4390021027	0.000262898	0.0267826023
1455610_at	Synm	1.8262411353	0.0002631908	0.0267826023
1428604_at	Zfp979	1.0621940306	0.0002632529	0.0267826023
1415932_x_at	Atp9a	0.587525114	0.0002636632	0.0267826023
1429824_at	4930550C14Rik	1.3672433341	0.0002669141	0.0269371799
1425548_a_at	Lst1	-0.8973550954	0.0002670638	0.0269371799
1455892_x_at		-0.9373394414	0.0002671001	0.0269371799
1450387_s_at	Ak4	-1.1802447201	0.000267574	0.0269371799
1438040_a_at	Hsp90b1	-0.8901510319	0.0002714604	0.0272423586
1424431_at	Csgalnact2	0.6092049779	0.0002722033	0.0272423586
1418762_at	Cd55	1.0900241282	0.0002724175	0.0272423586
1419481_at	Sell	-1.6970316194	0.0002742108	0.027361018
1421139_a_at	Zfp386	0.7659406265	0.0002772146	0.027599681
1417351_a_at	Snrpa1	-0.6382413775	0.0002779658	0.027613512
1425603_at	Tmem176a	0.6462595388	0.0002792957	0.0276846522
1439269_x_at	Mcm7	-0.6998799995	0.0002810704	0.0277994675
1440531_at	Rbm11	1.1120447998	0.0002818119	0.0278118146
1450344_a_at	Ptger3	0.6389051478	0.0002830825	0.0278233933
1417066_at	Coq8a	0.7975387601	0.0002838437	0.0278233933
1450021_at	Ubqln2	0.7641048376	0.0002839249	0.0278233933
1435959_at	Arhgap15	-0.7574988125	0.0002843969	0.0278233933
1434399_at	Galnt6	0.6969620255	0.0002852873	0.0278500924
1426368_at	Rin2	0.9651539658	0.0002907968	0.0282773791
1438096_a_at	Dtymk	-0.6976371578	0.0002909182	0.0282773791
1418355_at	Nucb2	-0.770248199	0.0002928519	0.028404111
1435236_at	Tceanc	0.7527169212	0.0002946653	0.0285186676
1448021_at	Fam46c	1.8627833356	0.0002964055	0.0286256588
1422902_s_at	Mgea5	0.7696632357	0.0002971994	0.0286409999
1417975_at	Kpna4	-0.9327047587	0.0003000917	0.0288580708
1417178_at	Gipc2	1.3791625772	0.0003016369	0.0289449479
1450932_s_at	Dock9	1.3830625753	0.0003030164	0.0289842321
1417817_a_at	Wwtr1	0.7753280067	0.0003033316	0.0289842321
1451264_at	Frmd6	0.8680595136	0.0003048022	0.0290532731
1438118_x_at	Vim	-0.7579466311	0.0003053425	0.0290532731
1425514_at	Pik3r1	1.0742369643	0.0003078593	0.0292310747
1449222_at	Ebi3	-1.496895799	0.000308632	0.0292428867
1435144_at	Fyb	0.9276647433	0.0003095918	0.0292723259
1416344_at	Lamp2	0.691935429	0.0003139688	0.0295696566
1430520_at	Cpne8	1.1770652676	0.0003148835	0.0295696566
1428834_at	Dusp4	1.0487569596	0.0003155967	0.0295696566
1444416_at	Cenpa	-0.7215804198	0.0003158671	0.0295696566
1460700_at	Stat3	0.6388399239	0.0003160146	0.0295696566
1451159_at	Arhgef12	0.6492588533	0.0003172672	0.0296253967
1460726_at	Adss	0.659607433	0.0003196872	0.0297896984
1448569_at	Mlec	-0.7181657375	0.0003214929	0.0298961866
1430623_s_at	Nabp1	0.9469328406	0.0003238718	0.0300554322
1416343_a_at	Lamp2	0.9532941601	0.0003280371	0.0303794692
1442039_at	Tox	1.083888306	0.000330866	0.030428446
1450931_at	Dock9	1.4636060774	0.0003310459	0.030428446
1450743_s_at	Syncrip	-1.0036293918	0.0003311159	0.030428446
1416591_at	Rab34	0.8086871376	0.0003316174	0.030428446
1423274_at	Ints6	1.3723598452	0.0003322001	0.030428446
1434079_s_at	Mcm2	-0.7368963233	0.000332614	0.030428446
1430435_at	Aff3	-1.2406182098	0.0003338942	0.0304837324
1456125_a_at	Dynll1	-1.0405123919	0.0003346833	0.0304940465
1450896_at	Arhgap5	0.8933423329	0.0003371647	0.0305614407
1435122_x_at	Dnmt1	-0.9024611037	0.0003372117	0.0305614407
1452843_at	Il6st	0.8447323404	0.0003379272	0.0305614407
1424011_at	Aqp9	0.6958262795	0.0003381335	0.0305614407
1436454_x_at	Fen1	-0.8697181733	0.0003413172	0.0307874907
1431161_at	Arhgef28	0.9580089713	0.0003438258	0.0308670916
1434423_at	Gulp1	0.64401629	0.0003438291	0.0308670916
1427301_at	Cd48	-1.2239779301	0.0003457768	0.0308670916
1460672_at	2410002F23Rik	0.6298984204	0.0003459438	0.0308670916
1452236_at	Abcf1	-0.7523855864	0.0003469902	0.0308670916
1454714_x_at	Phgdh	-0.7453865063	0.000347173	0.0308670916
1448529_at	Thbd	0.9603834787	0.0003476385	0.0308670916
1434188_at	Slc16a12	0.8516168969	0.0003482312	0.0308670916
1460242_at	Cd55	1.424056452	0.0003483592	0.0308670916
1432391_at	Cep85	-0.7249779099	0.0003499166	0.0308972505
1417037_at	Orc6	-0.7958373719	0.000350584	0.0308972505
1426968_a_at	Rdh10	1.1460968711	0.0003521001	0.0308972505
1423674_at	Usp1	-0.6222549066	0.0003521814	0.0308972505
1449431_at	Trpc6	0.6781905583	0.0003522127	0.0308972505
1422467_at	Ppt1	0.5757685492	0.0003536952	0.0308972505
1439662_at	Homer1	1.0179585263	0.0003539066	0.0308972505
1448507_at	Efhd1	0.9306007205	0.000354298	0.0308972505
1429167_at	Ccdc112	0.6363250593	0.0003551139	0.0308972505
1450694_at	Fkbp2	-0.8551145774	0.0003555503	0.0308972505
1434645_at	C530008M17Rik	1.1550447662	0.0003567205	0.030911223
1447223_at		1.0833603711	0.0003573886	0.030911223
1428618_at	Hcfc2	0.6418391347	0.0003577672	0.030911223
1418946_at	St3gal1	0.8665903185	0.0003628654	0.0312917673
1429062_at	Kif16b	0.7258770939	0.0003655732	0.031444343
1426708_at	Antxr2	-0.9174399002	0.0003660291	0.031444343
1458447_at	Cenpf	-0.7517830988	0.0003721332	0.0319079447
1419222_at	Tbxa2r	0.6330274454	0.0003736223	0.0319718731
1423089_at	Tmod3	0.721876428	0.0003742966	0.0319718731
1435386_at	Vwf	2.0451373951	0.0003762198	0.032075409
1420647_a_at	Krt8	1.2070658037	0.0003772714	0.0321043755
1428960_at	Enkur	1.4601844935	0.0003803827	0.032251415
1435704_at	C920006O11Rik	0.5982522845	0.0003815722	0.032251415
1424379_at	Car11	0.7098381584	0.0003817432	0.032251415
1433626_at	Plscr4	0.9969508145	0.0003818597	0.032251415
1451050_at	Nt5c3	0.7657853997	0.0003835585	0.0323343378
1423277_at	Ptprk	1.6409742727	0.00038512	0.0324054017
1421302_a_at	Gna15	-0.8916981591	0.0003860376	0.0324221226
1420896_at	Snap23	0.7960617417	0.0003916596	0.0328331628
1422824_s_at	Eps8	0.7678078329	0.0003952031	0.0330687441
1438855_x_at	Tnfaip2	0.9655043869	0.0003969478	0.0331532233
1430802_at	H2-Q5	-0.6742566365	0.0003985059	0.0332218351
1416641_at	Lig1	-0.982761681	0.0004018469	0.0333851173
1439284_at	Epb41l5	0.9279460485	0.0004019449	0.0333851173
1435436_at	Epas1	1.7375546676	0.0004029945	0.0334107637
1435262_at	Pign	0.7795719061	0.0004113454	0.033989685
1416361_a_at	Dync1i1	0.6042535081	0.0004120136	0.033989685
1429692_s_at	Gch1	-0.6124089193	0.0004122383	0.033989685
1434605_at	Eif5b	-0.5598286495	0.0004139679	0.0340379333
1438988_x_at	Hn1	-0.7825480058	0.0004145746	0.0340379333
1422018_at	Hivep2	0.9813064994	0.0004150875	0.0340379333
1452202_at	Pde2a	0.7700167405	0.000416787	0.0341152634
1429418_at	Cdc14b	1.160913711	0.0004198969	0.0343075507
1452328_s_at	Pja2	0.9931684421	0.0004240895	0.0345874537
1427001_s_at	Hnf4a	-1.1780922846	0.0004275162	0.0348039888
1450784_at	Reck	0.7407247143	0.0004322333	0.0350829541
1449799_s_at	Pkp2	1.7165948805	0.0004326491	0.0350829541
1433942_at	Myo6	0.7194592218	0.0004332765	0.0350829541
1429661_at	Rhobtb3	-0.8407031928	0.0004373245	0.0353472602
1422823_at	Eps8	0.8030780744	0.0004387374	0.0353770085
1443934_at	9230110C19Rik	0.6146367822	0.0004392613	0.0353770085
1424453_at	Pcyt1a	0.8661042021	0.0004425951	0.035581966
1421005_at	Cntrl	-0.8881995912	0.0004449607	0.0357084883
1428788_at	Pgp	-0.710854036	0.0004504846	0.0360875786
1451161_a_at	Adgre1	-0.7168433513	0.0004531902	0.0362399519
1434301_at	Fam84b	0.8608656331	0.0004547975	0.0363041092
1416271_at	Perp	1.6117223067	0.0004563177	0.0363611064
1425493_at	Bmpr1a	2.2492623398	0.0004574514	0.0363871509
1449256_a_at	Rab11a	0.5323553931	0.0004624875	0.036722971
1454967_at	Crebrf	0.8830998416	0.0004660135	0.0369379152
1417503_at	Rfc2	-0.6306166771	0.0004677103	0.0370073749
1417777_at	Ptgr1	-1.3392644185	0.0004707149	0.037179886
1434465_x_at	Vldlr	1.6266781792	0.000471961	0.0372131315
1456109_a_at	Mrps15	-0.6189316824	0.0004759237	0.0374600983
1435114_at	Wdhd1	-1.1032135897	0.000479957	0.0377117451
1435657_at	Ston2	0.7441620457	0.0004824258	0.0378213864
1452681_at	Dtymk	-0.6434398369	0.0004830296	0.0378213864
1427483_at	Slc25a24	0.7578305042	0.0004852928	0.0379327376
1418146_a_at	Rbl2	0.7820975353	0.0004868524	0.0379888078
1434990_at	Ppm1e	0.9372831117	0.0004901824	0.0381825871
1435567_at	Phka1	0.9066195437	0.0004917937	0.0382420458
1436271_at	Apol7e///Apol7b	0.9050153463	0.0004931622	0.0382824615
1426447_at	Nup35	-0.705616563	0.0004965665	0.0384804893
1426406_at	Kmt5a	-0.7571274984	0.0004993385	0.0385927805
1421731_a_at	Fen1	-0.9653788872	0.0004997269	0.0385927805
1438648_x_at	Gkn3	1.1105108014	0.0005042318	0.0388017175
1450093_s_at	Zbtb7a	-1.3865374632	0.0005043026	0.0388017175
1431430_s_at	Trim59	-0.7022052085	0.0005050134	0.0388017175
1418281_at	Rad51	-1.092772756	0.0005062907	0.0388336993
1426914_at	Marveld2	0.6802245018	0.0005072905	0.0388443285
1455418_at		0.6400195331	0.0005090201	0.0388493135
1434446_at	Insr	0.6596644827	0.0005090784	0.0388493135
1437378_x_at	Scarb1	-0.5393448169	0.0005104332	0.0388869063
1424877_a_at	Alad	-0.6149929043	0.0005127293	0.0389959608
1422758_at	Chst2	0.8597701258	0.0005142129	0.0390429577
1448550_at	Lbp	0.696541632	0.0005193887	0.0393696606
1427005_at	Plk2	2.6983751836	0.0005229778	0.039575208
1422141_s_at	LOC100503923///Gm15433///LOC100041903///Gm2666///Gm7609///Csprs	1.0873758701	0.0005269561	0.0398094614
1451660_a_at	Hoxb6	1.3257480916	0.000529788	0.0399386822
1450234_at	Ms4a6c	-1.3644851314	0.0005306836	0.0399386822
1416958_at	Nr1d2	0.6793654426	0.0005313232	0.0399386822
1434580_at	Enpp4	0.6678693846	0.0005329439	0.0399597133
1455900_x_at	Tgm2	0.9169763904	0.000533375	0.0399597133
1418843_at	Slc30a4	0.641403253	0.0005348248	0.0400018809
1423651_at	Isca1	0.9470436062	0.0005375088	0.0401360684
1427095_at	Cdcp1	0.760554944	0.000540292	0.0402395925
1422744_at	Phka1	1.0763655336	0.0005406797	0.0402395925
1417352_s_at	Snrpa1	-0.5295342176	0.0005423596	0.0402551241
1460578_at	Fgd5	0.5554037525	0.0005426735	0.0402551241
1434802_s_at	Ntf3	3.0432636244	0.0005437408	0.0402680686
1423323_at	Tacstd2	1.5539326573	0.0005456036	0.0403397847
1452430_s_at	LOC102641923///Srsf1	1.076720305	0.000549738	0.0405333891
1438546_x_at	Slc25a5	-0.5693702078	0.0005500196	0.0405333891
1434537_at	Slco3a1	0.8189806351	0.000551838	0.0406010521
1459804_at	Crebbp	-1.3987509871	0.0005541958	0.0407081218
1433944_at	Hectd2	0.9148204473	0.0005575743	0.0408106613
1440681_at	Chrna7	1.9610452641	0.0005590576	0.0408106613
1418059_at	Adgrl4	0.662551225	0.0005593348	0.0408106613
1426532_at	Zmynd11	-0.8129079513	0.0005594394	0.0408106613
1450493_at	Kiss1r	0.8782419744	0.000560443	0.0408106613
1450627_at	Ank	0.5680914188	0.000561021	0.0408106613
1437211_x_at	Elovl5	-0.5547362096	0.0005643311	0.0409814837
1434283_at	Arid5b	0.7321462873	0.0005651866	0.0409814837
1420572_at	Ms4a3	-0.9210621844	0.0005679424	0.0411151999
1417587_at	Timeless	-1.1932456817	0.0005712257	0.0412866174
1436332_at	Hspb6	0.8434365859	0.0005784599	0.0417425895
1418826_at	Ms4a6b	-1.2832543571	0.0005799363	0.041782281
1418954_at	Camkk1	1.0584619334	0.0005878108	0.042282064
1438122_at	Bbof1	0.8488479448	0.000591303	0.0424020374
1448466_at	Cdca5	-1.1951020971	0.000591359	0.0424020374
1434456_at	Rundc3b	-0.6959298798	0.0005988943	0.0428151846
1433590_at	Herc3	0.7449418772	0.0005991672	0.0428151846
1436838_x_at	Cotl1	-1.289187484	0.0005999689	0.0428151846
1428798_s_at	Setd6	-0.6340953243	0.0006058799	0.043118479
1429682_at	Fam46c	0.674113123	0.000606131	0.043118479
1443906_at	Cd55	1.0607450054	0.0006084382	0.0431618433
1423691_x_at	Krt8	1.3112617577	0.0006089753	0.0431618433
1416085_s_at	Zfand5	0.9160679348	0.0006096116	0.0431618433
1454741_s_at	Tmem164	0.5174395014	0.0006135842	0.0433050242
1415810_at	Uhrf1	-1.1895455878	0.0006139389	0.0433050242
1449449_at	Ptges	0.8212353034	0.0006145144	0.0433050242
1431096_at	Ints8	-0.9138103557	0.000617807	0.0434681274
1424099_at	Gpx8	1.995183471	0.0006187565	0.0434681274
1422946_a_at	Dnmt1	-0.6771085695	0.0006243504	0.0437327785
1437900_at	4930523C07Rik	-0.8551940203	0.0006246071	0.0437327785
1421818_at	Bcl6	1.1041342143	0.0006254327	0.0437327785
1417011_at	Sdc2	0.7150462882	0.0006267715	0.0437585503
1452080_a_at	Dcun1d1	0.555083519	0.0006286928	0.0438248446
1456019_at	Cwf19l2	0.6955371977	0.0006321696	0.0439303337
1437260_at	Mmrn1	0.8912051611	0.0006329683	0.0439303337
1460688_s_at	Unc119b	-0.5599573735	0.0006331282	0.0439303337
1452253_at	Crim1	0.6229982758	0.0006345667	0.0439625098
1450678_at	Itgb2	-0.6883749185	0.0006357685	0.0439782114
1426433_at	Myct1	1.025496912	0.000638908	0.0441277054
1449098_a_at	Poli	0.6003748201	0.0006415533	0.0442426523
1434754_at	Rap1gap2	1.2898284006	0.0006426986	0.0442539676
1435040_at	Irak3	0.6669668295	0.0006469914	0.0444467676
1451255_at	Lsr	1.155968516	0.0006474696	0.0444467676
1436509_at	Mlec	-0.8470017287	0.0006558416	0.0449040112
1433833_at	Fndc3b	0.5301183373	0.0006569534	0.0449040112
1451475_at	Plxnd1	-0.7463635771	0.0006571173	0.0449040112
1452210_at	Dna2	-0.7869028189	0.0006614987	0.0450840672
1420819_at	Sla	-0.5363367447	0.0006622284	0.0450840672
1453067_at	Apitd1	-1.3224120174	0.0006635759	0.0450840672
1430995_at	Tmx3	1.0472416494	0.0006642849	0.0450840672
1427074_at	Pcmtd2	0.8487992873	0.0006647503	0.0450840672
1422488_at	Nxt1	-0.7492584889	0.0006658113	0.0450882226
1437261_at	Mblac2	0.6647862709	0.0006732265	0.0454461521
1424923_at	Serpina3g	-0.7856715904	0.0006743844	0.0454461521
1419207_at	Zfp37	1.4253452469	0.0006745118	0.0454461521
1443928_at	Cytip	1.1336301018	0.0006751274	0.0454461521
1433782_at	Cldn12	0.6121402416	0.0006773881	0.0454760185
1428809_at	1810010H24Rik	0.6837266857	0.0006775877	0.0454760185
1417381_at	C1qa	-1.0680052848	0.0006855642	0.0459429911
1418715_at	Pank1	-1.0408256856	0.0006879081	0.0460316641
1415948_at	Creg1	0.5501027103	0.0006921185	0.0462205812
1453422_a_at	Nadk2	0.6568628984	0.00069322	0.0462205812
1453304_s_at	Ly6e	0.5815333032	0.0006938058	0.0462205812
1441317_x_at	Jakmip1	-1.187665963	0.0006956628	0.0462633078
1428509_at	Myo1e	0.8527500002	0.0006964987	0.0462633078
1431777_a_at	Hmgn3	0.6297888187	0.0006984113	0.0463221277
1426248_at	Stk24	0.5484487071	0.0007004094	0.0463864395
1436325_at	Rora	0.7658943322	0.0007014945	0.0463901818
1448183_a_at	Hif1a	-1.6691480676	0.0007031225	0.0464297634
1436508_at	Mlec	-0.750433137	0.0007055438	0.0465215347
1422552_at	Rprm	1.4656022388	0.0007084522	0.0465719519
1455558_at	Kiz	0.5349122008	0.0007085235	0.0465719519
1427912_at	Cbr3	0.867609519	0.000713719	0.0465719519
1449195_s_at	Cxcl16	0.6014983346	0.0007140413	0.0465719519
1417586_at	Timeless	-1.0245629448	0.0007142903	0.0465719519
1453021_at	Stxbp5	0.6285573599	0.0007147471	0.0465719519
1451377_a_at	Aaas	-0.6517088138	0.0007152565	0.0465719519
1452573_a_at	Ercc6l2	0.6106867122	0.0007169974	0.0465719519
1442038_at	Rbm26	-0.7043230485	0.0007187043	0.0465719519
1418128_at	Adcy6	0.8024507628	0.0007187906	0.0465719519
1450781_at	Hmga2	-2.2984116031	0.0007190816	0.0465719519
1417541_at	Hells	-1.0480445142	0.0007190826	0.0465719519
1435698_at	Rictor	0.6821521518	0.0007197324	0.0465719519
1427699_a_at	Ptpn11	-0.7933363022	0.0007245111	0.0467310346
1454646_at	Tcp11l2	0.7873121845	0.0007249606	0.0467310346
1456609_at	Camk2n1	1.50143481	0.0007252993	0.0467310346
1450976_at	Ndrg1	0.9726238642	0.0007304167	0.0469936119
1448682_at	Dynll1	-1.1060101643	0.0007340487	0.0471600176
1454815_at	Sertad2	1.1088793137	0.0007364585	0.0471874441
1417383_at	Entpd5	0.7418951307	0.0007365682	0.0471874441
1456292_a_at	Vim	-0.8226548102	0.0007377638	0.0471970004
1447272_s_at	Atp10a	0.9715392224	0.0007417165	0.0473826595
1431645_a_at	Gdi2	0.8000651794	0.0007492594	0.0477292414
1437573_at		1.2729085515	0.0007496358	0.0477292414
1421889_a_at	Aplp2	0.7583274064	0.0007503167	0.0477292414
1426587_a_at	Stat3	0.6983826919	0.0007520226	0.0477703795
1433428_x_at	Tgm2	0.8893404526	0.0007547666	0.047877257
1449957_at	Ptprv	0.7753854417	0.0007585891	0.0480521461
1449294_at	Mrps15	-0.6004281595	0.0007615438	0.0481716495
1429527_a_at	Plscr1	1.1875018	0.0007643372	0.0482806359
1428011_a_at	Erbb2ip	0.618920609	0.0007664677	0.0482956187
1431074_a_at	Pitpnc1	-0.7721418298	0.0007670808	0.0482956187
1455246_at	Smarcc1	-0.632537541	0.0007677869	0.0482956187
1458655_at		1.1701086196	0.0007705365	0.0483793845
1451310_a_at	Ctsl	0.6346201908	0.000771264	0.0483793845
1424369_at	Psmf1	0.5510954343	0.0007733802	0.0484414181
1428092_at	Cdc5l	-0.6001815622	0.0007753667	0.0484414181
1431405_a_at	Cspp1	-1.0466541172	0.0007754751	0.0484414181
1437277_x_at	Tgm2	0.8884739972	0.0007767619	0.0484546847
1417850_at	Rb1	0.57907983	0.0007800619	0.0485933335
1435720_at	Kcnd3	0.9484833023	0.0007827371	0.0486006211
1435557_at	Fhod1	-0.59156994	0.0007855811	0.0486006211
1458644_at	Ccdc62	0.7054825299	0.0007875319	0.0486006211
1453001_at	Rnaseh2b	-0.7821648614	0.0007879494	0.0486006211
1435281_at	Cpt1c	0.9907489568	0.0007881558	0.0486006211
1418027_at	Exo1	-0.7715825769	0.0007884723	0.0486006211
1416544_at	Ezh2	-0.9697881466	0.0007889327	0.0486006211
1418264_at	Cenpk	-1.3361888619	0.0007905489	0.0486006211
1428301_at	LOC102638110///LOC100861615///Gm3164///Gm3173///Gm3739///Gm3696///Gm3667///Gm3194///Gm3591///Gm3558///Gm3488///Gm3500///Gm3383///Gm3264///Gm3252///Gm3239///Gm3636///Gm3115///Gm3095///Gm10340///Gm2897///Gm2888///Gm10406///Gm3373///Gm3317///Gm5796	0.6561645263	0.0007926748	0.0486006211
1448653_at	Eed	-0.5360021489	0.0007929057	0.0486006211
1422699_at	Alox12	0.5262341559	0.0007950982	0.0486006211
1419386_at	Muc13	0.6912830514	0.0007962361	0.0486006211
1424008_a_at	Gm3470///Rbpms2	0.8216941449	0.0007970691	0.0486006211
1420032_at	Chek1	-0.4829063874	0.0007978286	0.0486006211
1417654_at	Sdc4	1.2675522036	0.0007988159	0.0486006211
1455734_at	Crbn	0.5370773245	0.0008006751	0.0486006211
1422776_at	Serpinb8	1.3173790015	0.0008016104	0.0486006211
1420462_at	Il1rapl2	0.9985646179	0.0008023481	0.0486006211
1428168_at	Mpzl1	0.6452666782	0.0008032718	0.0486006211
1455585_at	Rnf168	-0.6509797065	0.0008040453	0.0486006211
1418005_at	Sdhb	-0.5272767698	0.0008047829	0.0486006211
1437287_at	Nadk2	0.6796833751	0.0008062778	0.0486006211
1447937_a_at	Gm17167///LOC101056144///Gm21158///Gm21093///Gm21075///Gm3893///LOC100041536///Gm2163///Gm7819///Gm10590///Gm5859///4933409K07Rik	0.6966482894	0.0008066991	0.0486006211
1416539_at	Siae	0.6538564071	0.0008067455	0.0486006211
1418487_at	Ripk4	0.856205602	0.0008072059	0.0486006211
1435424_x_at	Shisa9	1.9782616125	0.0008085544	0.0486006211
1437268_at	Lancl3	0.8077807862	0.0008098599	0.0486006211
1426573_at	Me2	-0.5936051384	0.0008107439	0.0486006211
1444257_at	Prr11	-0.6603069717	0.0008114292	0.0486006211
1437539_at	Prkaa1	0.6281531888	0.0008134141	0.0486548919
1448510_at	Efna1	0.5998885412	0.0008174952	0.0488173362
1443172_at	Orc1	-0.5430734817	0.0008190861	0.0488173362
1416214_at	Mcm4	-0.5804871727	0.0008198732	0.0488173362
1427311_at	Bptf	-0.9196271245	0.0008204594	0.0488173362
1440348_at	Zfyve9	0.9180074392	0.0008246938	0.0490046292
1453000_at	Camsap2	-0.7454400941	0.0008269968	0.0490768201
1440742_at		0.6031415506	0.0008293518	0.049151902
1419467_at	Clec14a	0.7089027618	0.0008313329	0.049163841
1436301_at	Dstyk	-1.1695901574	0.0008323145	0.049163841
1416467_at	Ddx3x	0.652893629	0.0008328235	0.049163841
1421326_at	Csf2rb	-0.6998903864	0.0008347597	0.0492137193
1417757_at	Unc13b	1.3027135604	0.0008378663	0.0493323883
1417453_at	Cul4b	0.6979206464	0.000841607	0.049462847
1438631_x_at	Ttc13	-0.5024496452	0.0008422755	0.049462847
1434397_at	Zdhhc17	0.7382415056	0.0008478042	0.0497227778
1448730_at	Cpa3	-0.558139169	0.0008495496	0.0497604388
1452291_at	Arap2	0.8793513404	0.0008541532	0.049924479
1455451_at	Kctd14	-1.3651289909	0.0008549343	0.049924479
1417832_at	Smc1a	-1.0145742521	0.0008556711	0.049924479
1416251_at	Mcm6	-0.605902932	0.000858255	0.0499585737
1430221_at	9130008F23Rik	0.7774019994	0.0008584709	0.0499585737
